Canada,加拿大,/ˈkæn.ə.də/,I want to visit Canada one day.,我想有一天去加拿大。,"**词性**: 名词 (n.)

**释义**: 北美洲国家，首都是渥太华。"
Washington D.C.,华盛顿特区,/ˈwɒʃ.ɪŋ.tən diː siː/,The White House is in Washington D.C.,白宫在华盛顿特区。,"**词性**: 名词 (n.)

**释义**: 美国的首都。"
Toronto,多伦多,/təˈrɒn.toʊ/,Toronto is a big city in Canada.,多伦多是加拿大的一个大城市。,"**词性**: 名词 (n.)

**释义**: 加拿大最大的城市。"
weekend,周末,/ˌwiːkˈend/,What do you usually do on the weekend?,你周末通常做什么？,"**词性**: 名词 (n.)

**释义**: 一周的最后两天，即星期六和星期日。"
excited,兴奋的,/ɪkˈsaɪ.tɪd/,I'm so excited about the trip!,我对这次旅行太兴奋了！,"**词性**: 形容词 (adj.)

**释义**: 感到非常高兴和激动的。"
summer,夏天,/ˈsʌm.ər/,We go swimming in summer.,我们夏天去游泳。,"**词性**: 名词 (n.)

**释义**: 一年四季中最热的季节。"
rainy,下雨的,/ˈreɪ.ni/,It's a rainy day today.,今天是下雨天。,"**词性**: 形容词 (adj.)

**释义**: 有很多雨的，多雨的。"
clothes,衣服,/kloʊðz/,I need to wash my clothes.,我需要洗衣服。,"**词性**: 名词 (n.)

**释义**: 衣服的总称，人们穿在身上的东西。"
jacket,夹克衫,/ˈdʒæk.ɪt/,Put on your jacket. It's cold outside.,穿上你的夹克衫。外面很冷。,"**词性**: 名词 (n.)

**释义**: 一种短上衣，通常有拉链或扣子。"
umbrella,雨伞,/ʌmˈbrel.ə/,Don't forget your umbrella!,别忘了你的雨伞！,"**词性**: 名词 (n.)

**释义**: 下雨时用来挡雨的工具。"
mother,母亲,/ˈmʌð.ər/,My mother is a teacher.,我妈妈是一名老师。,"**词性**: 名词 (n.)

**释义**: 妈妈。"
artist,画家,/ˈɑːr.tɪst/,She wants to be an artist when she grows up.,她长大想当画家。,"**词性**: 名词 (n.)

**释义**: 画家，艺术家，从事艺术创作的人。"
scientist,科学家,/ˈsaɪ.ən.tɪst/,The scientist made a great discovery.,这位科学家做出了伟大的发现。,"**词性**: 名词 (n.)

**释义**: 从事科学研究的人。"
saleswoman,女售货员,/ˈseɪlzˌwʊm.ən/,The saleswoman helped me find a nice dress.,女售货员帮我找到了一条漂亮的裙子。,"**词性**: 名词 (n.)

**释义**: 在商店里卖东西的女性。"
play badminton,打羽毛球,,Let's play badminton after school.,放学后我们打羽毛球吧。,"**词性**: 动词短语 (v. phrase)

**释义**: 进行羽毛球运动。"
February,二月,/ˈfeb.ru.er.i/,February is the shortest month of the year.,二月是一年中最短的月份。,"**词性**: 名词 (n.)

**释义**: 一年中的第二个月。"
September,九月,/sepˈtem.bər/,School starts in September.,九月开学。,"**词性**: 名词 (n.)

**释义**: 一年中的第九个月，通常是开学的月份。"
November,十一月,/noʊˈvem.bər/,Thanksgiving is in November.,感恩节在十一月。,"**词性**: 名词 (n.)

**释义**: 一年中的第十一个月。"
go skating,去滑冰,,We often go skating in winter.,我们冬天经常去滑冰。,"**词性**: 动词短语 (v. phrase)

**释义**: 去进行滑冰运动。"
read books,读书,,I like to read books before bed.,我喜欢睡前读书。,"**词性**: 动词短语 (v. phrase)

**释义**: 阅读书籍。"
collect stamps,集邮,,My grandpa likes to collect stamps.,我爷爷喜欢集邮。,"**词性**: 动词短语 (v. phrase)

**释义**: 收集邮票作为爱好。"
jump rope,跳绳,,The girls are jumping rope in the playground.,女孩们在操场上跳绳。,"**词性**: 动词短语 (v. phrase)

**释义**: 用绳子跳跃的运动。"
careless,粗心的,/ˈker.ləs/,Don't be so careless with your homework.,做作业不要这么粗心。,"**词性**: 形容词 (adj.)

**释义**: 不仔细的，马虎的。"
helpful,乐于助人的,/ˈhelp.fəl/,She is very helpful to her classmates.,她对同学们很乐于助人。,"**词性**: 形容词 (adj.)

**释义**: 愿意帮助别人的。"
popular,受欢迎的,/ˈpɑː.pjə.lər/,He is very popular at school.,他在学校很受欢迎。,"**词性**: 形容词 (adj.)

**释义**: 被很多人喜欢的。"
university,大学,/ˌjuː.nɪˈvɜː.sə.ti/,I want to go to university in the future.,我将来想上大学。,"**词性**: 名词 (n.)

**释义**: 提供高等教育的学校。"
cinema,电影院,/ˈsɪn.ə.mə/,Let's go to the cinema this weekend.,这个周末我们去电影院吧。,"**词性**: 名词 (n.)

**释义**: 放映电影的地方。"
airport,机场,/ˈer.pɔːrt/,We arrived at the airport early.,我们很早到了机场。,"**词性**: 名词 (n.)

**释义**: 飞机起飞和降落的地方。"
sports centre,体育中心,,There is a big sports centre near my home.,我家附近有一个大的体育中心。,"**词性**: 名词短语 (n. phrase)

**释义**: 进行各种体育运动的场所。"
crossroads,十字路口,/ˈkrɒs.roʊdz/,Turn left at the crossroads.,在十字路口左转。,"**词性**: 名词 (n.)

**释义**: 两条路交叉的地方。"
across,在……对面,/əˈkrɒs/,The library is across from the school.,图书馆在学校对面。,"**词性**: 介词 (prep.)

**释义**: 在……的对面（across from）。"
south,南,/saʊθ/,The park is south of the school.,公园在学校的南边。,"**词性**: 名词 (n.) / 形容词 (adj.)

**释义**: 方向之一，与北相对。"
go straight,直走,,Go straight and you will see the hospital.,直走你就会看到医院。,"**词性**: 动词短语 (v. phrase)

**释义**: 沿着直线方向前进，不转弯。"
playground,操场,/ˈpleɪ.ɡraʊnd/,The children are playing on the playground.,孩子们在操场上玩。,"**词性**: 名词 (n.)

**释义**: 学校里供学生活动和运动的场地。"
behind,在……后面,/bɪˈhaɪnd/,The cat is hiding behind the door.,猫躲在门后面。,"**词性**: 介词 (prep.)

**释义**: 在……的后面。"
Wednesday,周三,/ˈwenz.deɪ/,We have a music class on Wednesday.,我们周三有音乐课。,"**词性**: 名词 (n.)

**释义**: 星期三，一周的第三天。"
Saturday,周六,/ˈsæt.ər.deɪ/,I play football every Saturday.,我每周六踢足球。,"**词性**: 名词 (n.)

**释义**: 星期六，周末的第一天。"
boring,无聊的,/ˈbɔːr.ɪŋ/,The movie was so boring.,这部电影太无聊了。,"**词性**: 形容词 (adj.)

**释义**: 使人感到无趣的，令人厌烦的。"
watch cartoons,看动画片,,Children love to watch cartoons.,孩子们喜欢看动画片。,"**词性**: 动词短语 (v. phrase)

**释义**: 观看卡通动画节目。"
beautiful,美丽的,/ˈbjuː.tɪ.fəl/,What a beautiful flower!,多么美丽的花！,"**词性**: 形容词 (adj.)

**释义**: 非常好看的，漂亮的。"
thin,苗条的,/θɪn/,She is tall and thin.,她又高又苗条。,"**词性**: 形容词 (adj.)

**释义**: 身材纤细的，苗条的。"
straight,直的,/streɪt/,Draw a straight line.,画一条直线。,"**词性**: 形容词 (adj.)

**释义**: 没有弯曲的，笔直的。"
play the piano,弹钢琴,,She can play the piano very well.,她钢琴弹得很好。,"**词性**: 动词短语 (v. phrase)

**释义**: 弹奏钢琴乐器。"
visit,参观,/ˈvɪz.ɪt/,We will visit the museum tomorrow.,我们明天去参观博物馆。,"**词性**: 动词 (v.)

**释义**: 去某个地方看看，参观访问。"
watch films,看电影,,I like to watch films with my friends.,我喜欢和朋友们一起看电影。,"**词性**: 动词短语 (v. phrase)

**释义**: 观看电影。"
have a picnic,去野餐,,Let's have a picnic in the park.,我们去公园野餐吧。,"**词性**: 动词短语 (v. phrase)

**释义**: 在户外一起吃东西，享受大自然。"
teacher,老师,/ˈtiː.tʃər/,Our teacher is very kind.,我们的老师很和蔼。,"**词性**: 名词 (n.)

**释义**: 在学校里教学生的人。"
theatre,剧院,/ˈθɪə.tər/,We went to the theatre to see a play.,我们去剧院看了一场演出。,"**词性**: 名词 (n.)

**释义**: 表演戏剧、歌剧等的地方。"
stadium,（露天）体育场,/ˈsteɪ.di.əm/,The football match is at the stadium.,足球比赛在体育场举行。,"**词性**: 名词 (n.)

**释义**: 露天的大型体育比赛场地。"
live,居住；生活,/lɪv/,I live in Beijing with my family.,我和家人住在北京。,"**词性**: 动词 (v.)

**释义**: 住在某个地方；过某种生活。"
quite,很；相当,/kwaɪt/,The movie was quite good.,这部电影相当不错。,"**词性**: 副词 (adv.)

**释义**: 程度副词，表示""相当、很""。"
scarf,围巾,/skɑːrf/,She wore a red scarf in winter.,她冬天围了一条红围巾。,"**词性**: 名词 (n.)

**释义**: 围在脖子上用来保暖或装饰的布条。"
pupil,小学生,/ˈpjuː.pəl/,There are forty pupils in our class.,我们班有四十个学生。,"**词性**: 名词 (n.)

**释义**: 小学生，学生（尤指小学生）。"
arrive,到达,/əˈraɪv/,We arrived at school on time.,我们准时到了学校。,"**词性**: 动词 (v.)

**释义**: 到达某个地方。"
meet,迎接；遇见；会面,/miːt/,Nice to meet you!,很高兴认识你！,"**词性**: 动词 (v.)

**释义**: 遇见某人；迎接；会面。"
wardrobe,衣柜,/ˈwɔːr.droʊb/,She put her coat in the wardrobe.,她把外套放进了衣柜。,"**词性**: 名词 (n.)

**释义**: 用来存放衣服的大柜子。"
show...around,带领……参观,,Let me show you around our school.,让我带你参观我们的学校。,"**词性**: 动词短语 (v. phrase)

**释义**: 带领某人到处看看，参观某个地方。"
Queen's Park,女王公园,,We visited Queen's Park last weekend.,我们上周末参观了女王公园。,"**词性**: 专有名词 (proper n.)

**释义**: 加拿大多伦多的一个著名公园。"
art gallery,画廊；艺术馆,/ˈɑːrt ˌɡæl.ər.i/,There are many beautiful paintings in the art gallery.,画廊里有很多漂亮的画。,"**词性**: 名词短语 (n. phrase)

**释义**: 展示和售卖艺术作品的场所。"
public library,公共图书馆,/ˈpʌb.lɪk ˈlaɪ.brer.i/,I borrowed some books from the public library.,我从公共图书馆借了一些书。,"**词性**: 名词短语 (n. phrase)

**释义**: 面向公众开放的图书馆，可以免费借阅书籍。"
downtown,闹市区；市中心,/ˌdaʊnˈtaʊn/,Let's go downtown to do some shopping.,我们去市中心购物吧。,"**词性**: 名词 (n.) / 副词 (adv.)

**释义**: 城市的商业中心区域。"
Lake Ontario,安大略湖,,Lake Ontario is one of the Great Lakes.,安大略湖是五大湖之一。,"**词性**: 专有名词 (proper n.)

**释义**: 北美五大湖之一，位于加拿大和美国之间。"
library,图书馆,/ˈlaɪ.brər.i/,I like to read books in the library.,我喜欢在图书馆看书。,"**词性**: 名词 (n.)

**释义**: 收藏书籍供人借阅和阅读的场所。"
grocery,杂货店,/ˈɡroʊ.sər.i/,My mum goes to the grocery every day.,我妈妈每天去杂货店。,"**词性**: 名词 (n.)

**释义**: 出售食品和日常用品的小商店。"
restaurant,餐馆,/ˈres.tər.ɑːnt/,We had dinner at a Chinese restaurant.,我们在一家中餐馆吃了晚饭。,"**词性**: 名词 (n.)

**释义**: 人们去吃饭的地方，饭店。"
square,广场,/skwer/,There are many people in the square.,广场上有很多人。,"**词性**: 名词 (n.)

**释义**: 城市中宽阔的公共活动场地。"
around,在……周围,/əˈraʊnd/,We walked around the park.,我们在公园里散步。,"**词性**: 介词 (prep.)

**释义**: 围绕着，在……的周围。"
between,在……之间,/bɪˈtwiːn/,The bookshop is between the bank and the cinema.,书店在银行和电影院之间。,"**词性**: 介词 (prep.)

**释义**: 在两者之间。"
third,第三,/θɜːrd/,Turn left at the third crossroads.,在第三个十字路口左转。,"**词性**: 序数词 (num.)

**释义**: 排列顺序中的第三个。"
supermarket,超市,/ˈsuː.pər.mɑːr.kɪt/,We buy fruit and vegetables at the supermarket.,我们在超市买水果和蔬菜。,"**词性**: 名词 (n.)

**释义**: 大型的自选商店，出售各种食品和日用品。"
hockey,曲棍球,/ˈhɑː.ki/,He plays hockey every weekend.,他每个周末都打曲棍球。,"**词性**: 名词 (n.)

**释义**: 一种用弯棍击球的团队运动。"
play the violin,拉小提琴,,She can play the violin very well.,她小提琴拉得很好。,"**词性**: 动词短语 (v. phrase)

**释义**: 演奏小提琴乐器。"
go roller skating,去轮滑,,Let's go roller skating in the park.,我们去公园轮滑吧。,"**词性**: 动词短语 (v. phrase)

**释义**: 穿上轮滑鞋去滑行。"
do jigsaw puzzles,拼拼图,,I like to do jigsaw puzzles on rainy days.,下雨天我喜欢拼拼图。,"**词性**: 动词短语 (v. phrase)

**释义**: 把拼图的小碎片拼成完整的图案。"
ride a horse,骑马,,She learned to ride a horse last summer.,她去年夏天学会了骑马。,"**词性**: 动词短语 (v. phrase)

**释义**: 骑在马背上行走或奔跑。"
take photos,拍照,,We like to take photos when we travel.,我们旅行时喜欢拍照。,"**词性**: 动词短语 (v. phrase)

**释义**: 用相机或手机拍摄照片。"
row a boat,划船,,Let's row a boat on the lake.,我们去湖上划船吧。,"**词性**: 动词短语 (v. phrase)

**释义**: 用桨划动小船在水面行进。"
maths,数学,/mæθs/,I have a maths class on Monday.,我周一有数学课。,"**词性**: 名词 (n.)

**释义**: 关于数字和计算的学科（英式英语）。"
music,音乐,/ˈmjuː.zɪk/,I love listening to music.,我喜欢听音乐。,"**词性**: 名词 (n.)

**释义**: 由乐器演奏或人声演唱产生的美妙声音。"
science,科学,/ˈsaɪ.əns/,Science is my favourite subject.,科学是我最喜欢的科目。,"**词性**: 名词 (n.)

**释义**: 研究自然和世界规律的学科。"
always,总是,/ˈɔːl.weɪz/,I always brush my teeth before bed.,我睡前总是刷牙。,"**词性**: 副词 (adv.)

**释义**: 每次都，一直，总是。"
never,从不,/ˈnev.ər/,She never eats fast food.,她从不吃快餐。,"**词性**: 副词 (adv.)

**释义**: 一次也没有，从来不。"
hobby,爱好,/ˈhɑː.bi/,My hobby is collecting stamps.,我的爱好是集邮。,"**词性**: 名词 (n.)

**释义**: 业余时间喜欢做的事情。"
make friends,交朋友,,It's easy to make friends at school.,在学校交朋友很容易。,"**词性**: 动词短语 (v. phrase)

**释义**: 结交新的朋友。"
do chores,做家务,,I always do chores on weekends.,我周末总是做家务。,"**词性**: 动词短语 (v. phrase)

**释义**: 做家里的日常杂务。"
cook dinner,做晚饭,,My dad cooks dinner every day.,我爸爸每天做晚饭。,"**词性**: 动词短语 (v. phrase)

**释义**: 准备和烹饪晚餐。"
wash clothes,洗衣服,,She often helps her mum wash clothes.,她经常帮妈妈洗衣服。,"**词性**: 动词短语 (v. phrase)

**释义**: 清洗脏衣服。"
tidy the desk,整理书桌,,Please tidy the desk before you go.,走之前请把书桌整理好。,"**词性**: 动词短语 (v. phrase)

**释义**: 把书桌收拾整齐、干净。"
sweep the floor,扫地,,He sweeps the floor after dinner.,他晚饭后扫地。,"**词性**: 动词短语 (v. phrase)

**释义**: 用扫把清扫地面。"
beach,海滩,/biːtʃ/,We played on the beach last summer.,去年夏天我们在海滩上玩了。,"**词性**: 名词 (n.)

**释义**: 海边或湖边有沙子的地方。"
bookshop,书店,/ˈbʊk.ʃɑːp/,I bought a new book at the bookshop.,我在书店买了一本新书。,"**词性**: 名词 (n.)

**释义**: 出售书籍的商店。"
farm,农场,/fɑːrm/,There are many animals on the farm.,农场上有很多动物。,"**词性**: 名词 (n.)

**释义**: 种植庄稼或饲养动物的地方。"
post office,邮局,,I need to go to the post office to send a letter.,我需要去邮局寄一封信。,"**词性**: 名词短语 (n. phrase)

**释义**: 办理寄信和邮包等业务的地方。"
tomorrow,明天,/təˈmɑː.roʊ/,We will go to the zoo tomorrow.,我们明天去动物园。,"**词性**: 副词 (adv.) / 名词 (n.)

**释义**: 今天之后的那一天。"
help,帮助,/help/,Can you help me with my homework?,你能帮我做作业吗？,"**词性**: 动词 (v.)

**释义**: 给别人提供支持或协助。"
have to,不得不,,I have to do my homework first.,我必须先做作业。,"**词性**: 动词短语 (v. phrase)

**释义**: 必须做某事，表示义务或需要。"
handsome,英俊的,/ˈhæn.səm/,He is tall and handsome.,他又高又帅。,"**词性**: 形容词 (adj.)

**释义**: 形容男性外表好看、帅气。"
slim,苗条的,/slɪm/,She is slim and pretty.,她苗条又漂亮。,"**词性**: 形容词 (adj.)

**释义**: 身材纤细而匀称的。"
curly,卷曲的,/ˈkɜːr.li/,She has long curly hair.,她有一头长卷发。,"**词性**: 形容词 (adj.)

**释义**: 头发呈卷曲状的。"
grey,灰色的,/ɡreɪ/,The sky is grey today.,今天天空是灰色的。,"**词性**: 形容词 (adj.)

**释义**: 灰色的（英式拼写）。"
visit museums,参观博物馆,,We often visit museums on weekends.,我们周末经常参观博物馆。,"**词性**: 动词短语 (v. phrase)

**释义**: 去博物馆参观、了解展品。"
pick fruit,摘水果,,We went to pick fruit at the farm.,我们去农场摘水果了。,"**词性**: 动词短语 (v. phrase)

**释义**: 从树上或地里采摘水果。"
climb a hill,爬山,,Let's climb a hill this afternoon.,今天下午我们去爬山吧。,"**词性**: 动词短语 (v. phrase)

**释义**: 沿着山坡向上攀登。"
see films,看电影,,I like to see films with my friends.,我喜欢和朋友们一起看电影。,"**词性**: 动词短语 (v. phrase)

**释义**: 去电影院观看电影。"
go for picnics,去野餐,,We go for picnics in spring.,我们春天去野餐。,"**词性**: 动词短语 (v. phrase)

**释义**: 外出到户外进行野餐活动。"
street dancing,街舞,/striːt ˈdæn.sɪŋ/,He is good at street dancing.,他擅长街舞。,"**词性**: 名词短语 (n. phrase)

**释义**: 在街头进行的自由风格舞蹈。"
classmate,同学,/ˈklæs.meɪt/,She is my classmate and best friend.,她是我的同学也是最好的朋友。,"**词性**: 名词 (n.)

**释义**: 在同一个班级学习的同伴。"
science room,科学教室,,We do experiments in the science room.,我们在科学教室做实验。,"**词性**: 名词短语 (n. phrase)

**释义**: 学校里进行科学实验和学习的教室。"
floor,楼层,/flɔːr/,The art room is on the second floor.,美术教室在二楼。,"**词性**: 名词 (n.)

**释义**: 建筑物的楼层。"
Tuesday,星期二,/ˈtuːz.deɪ/,We have PE on Tuesday.,我们周二有体育课。,"**词性**: 名词 (n.)

**释义**: 一周的第二天。"
Thursday,星期四,/ˈθɜːrz.deɪ/,I have a science class on Thursday.,我周四有科学课。,"**词性**: 名词 (n.)

**释义**: 一周的第四天。"
fantastic,极好的,/fænˈtæs.tɪk/,That's a fantastic idea!,那是个极好的主意！,"**词性**: 形容词 (adj.)

**释义**: 非常好的，极棒的。"
wonderful,精彩的,/ˈwʌn.dər.fəl/,We had a wonderful time at the party.,我们在聚会上玩得很开心。,"**词性**: 形容词 (adj.)

**释义**: 令人惊叹的，非常好的。"
draw pictures,画画,,She likes to draw pictures of animals.,她喜欢画动物。,"**词性**: 动词短语 (v. phrase)

**释义**: 用笔画出图画。"
interesting,有趣的,/ˈɪn.trəs.tɪŋ/,This book is very interesting.,这本书很有趣。,"**词性**: 形容词 (adj.)

**释义**: 引起兴趣的，好玩的。"
watched,观看（watch的过去式）,/wɑːtʃt/,We watched a movie last night.,我们昨晚看了一部电影。,"**词性**: 动词 (v.)

**释义**: watch 的过去式，表示过去观看了某物。"
jumped,跳（jump的过去式）,/dʒʌmpt/,The dog jumped over the fence.,狗跳过了篱笆。,"**词性**: 动词 (v.)

**释义**: jump 的过去式，表示过去跳跃了。"
played,玩（play的过去式）,/pleɪd/,We played football yesterday.,我们昨天踢了足球。,"**词性**: 动词 (v.)

**释义**: play 的过去式，表示过去玩耍或进行了活动。"
was,是（am/is的过去式）,/wɒz/,I was happy yesterday.,我昨天很开心。,"**词性**: 动词 (v.)

**释义**: am / is 的过去式，用于第一、三人称单数。"
went,去（go的过去式）,/went/,I went to the park last Sunday.,我上周日去了公园。,"**词性**: 动词 (v.)

**释义**: go 的过去式，表示过去去了某地。"
drank,喝（drink的过去式）,/dræŋk/,She drank a glass of milk this morning.,她今天早上喝了一杯牛奶。,"**词性**: 动词 (v.)

**释义**: drink 的过去式，表示过去喝了某物。"
swam,游泳（swim的过去式）,/swæm/,We swam in the lake last summer.,去年夏天我们在湖里游泳了。,"**词性**: 动词 (v.)

**释义**: swim 的过去式，表示过去游泳了。"
bought,买（buy的过去式）,/bɔːt/,She bought a new dress yesterday.,她昨天买了一条新裙子。,"**词性**: 动词 (v.)

**释义**: buy 的过去式，表示过去购买了某物。"
felt,感觉（feel的过去式）,/felt/,I felt very tired after the game.,比赛后我觉得很累。,"**词性**: 动词 (v.)

**释义**: feel 的过去式，表示过去感受到某种情绪或感觉。"
get up,起床,/ɡet ʌp/,I get up at 7:00 every morning.,我每天早上七点起床。,"**词性**: 动词短语 (v. phrase)

**释义**: 从床上起来，起床。"
make models,做模型,,He likes to make models of planes.,他喜欢做飞机模型。,"**词性**: 动词短语 (v. phrase)

**释义**: 用材料制作小型模型。"
play sports,做运动,,I often play sports after school.,我放学后经常做运动。,"**词性**: 动词短语 (v. phrase)

**释义**: 参加体育运动。"
fly a kite,放风筝,,Let's fly a kite in the park.,我们去公园放风筝吧。,"**词性**: 动词短语 (v. phrase)

**释义**: 在户外放飞风筝。"
sing songs,唱歌,,We like to sing songs in music class.,我们喜欢在音乐课上唱歌。,"**词性**: 动词短语 (v. phrase)

**释义**: 用嗓音演唱歌曲。"
go fishing,去钓鱼,,My dad and I go fishing on weekends.,我和爸爸周末去钓鱼。,"**词性**: 动词短语 (v. phrase)

**释义**: 去水边用鱼竿钓鱼。"
make the bed,铺床,,I make the bed every morning.,我每天早上铺床。,"**词性**: 动词短语 (v. phrase)

**释义**: 把被子和枕头整理好。"
feed the fish,喂鱼,,Don't forget to feed the fish.,别忘了喂鱼。,"**词性**: 动词短语 (v. phrase)

**释义**: 给鱼缸里的鱼喂食。"
water the plants,浇花,,She waters the plants every day.,她每天给植物浇水。,"**词性**: 动词短语 (v. phrase)

**释义**: 给植物浇水。"
walk the dog,遛狗,,He walks the dog after dinner.,他晚饭后遛狗。,"**词性**: 动词短语 (v. phrase)

**释义**: 带着狗出去散步。"
clean the room,打扫房间,,I always clean the room on Saturday.,我周六总是打扫房间。,"**词性**: 动词短语 (v. phrase)

**释义**: 把房间收拾干净、整洁。"
take out the rubbish,倒垃圾,,Please take out the rubbish before dinner.,请在晚饭前倒垃圾。,"**词性**: 动词短语 (v. phrase)

**释义**: 把垃圾拿出去扔掉。"
write stories,写故事,,She likes to write stories about animals.,她喜欢写关于动物的故事。,"**词性**: 动词短语 (v. phrase)

**释义**: 创作和编写故事。"
ride a bike,骑自行车,,I ride a bike to school every day.,我每天骑自行车上学。,"**词性**: 动词短语 (v. phrase)

**释义**: 骑着自行车行进。"
do the dishes,洗碗,,I always do the dishes after dinner.,我晚饭后总是洗碗。,"**词性**: 动词短语 (v. phrase)

**释义**: 清洗用过的碗碟和餐具。"
breakfast,早餐,/ˈbrek.fəst/,I have breakfast at 7:30.,我七点半吃早餐。,"**词性**: 名词 (n.)

**释义**: 一天中的第一餐，早饭。"
lunch,午餐,/lʌntʃ/,What do you have for lunch?,你午餐吃什么？,"**词性**: 名词 (n.)

**释义**: 中午吃的一餐，午饭。"
dinner,晚餐,/ˈdɪn.ər/,We have dinner at six o'clock.,我们六点吃晚饭。,"**词性**: 名词 (n.)

**释义**: 晚上吃的一餐，晚饭。"
fruit,水果,/fruːt/,I eat fruit every day.,我每天吃水果。,"**词性**: 名词 (n.)

**释义**: 树木或植物结出的可以食用的果实。"
peach,桃子,/piːtʃ/,This peach is very sweet.,这个桃子很甜。,"**词性**: 名词 (n.)

**释义**: 一种多汁的圆形水果，外皮有绒毛。"
orange,橙子,/ˈɔːr.ɪndʒ/,Would you like an orange?,你想吃一个橙子吗？,"**词性**: 名词 (n.)

**释义**: 圆形的橘色水果，味道酸甜。"
pear,梨,/per/,She ate a pear after lunch.,她午饭后吃了一个梨。,"**词性**: 名词 (n.)

**释义**: 一种上小下大的水果，味道清甜多汁。"
vegetable,蔬菜,/ˈvedʒ.tə.bəl/,You should eat more vegetables.,你应该多吃蔬菜。,"**词性**: 名词 (n.)

**释义**: 可以食用的植物，如白菜、胡萝卜等。"
tomato,番茄,/təˈmeɪ.toʊ/,I like tomato soup.,我喜欢番茄汤。,"**词性**: 名词 (n.)

**释义**: 红色圆形的蔬果，也叫西红柿。"
potato,土豆,/pəˈteɪ.toʊ/,French fries are made from potatoes.,薯条是用土豆做的。,"**词性**: 名词 (n.)

**释义**: 长在地下的块茎类蔬菜，也叫马铃薯。"
duck,鸭子,/dʌk/,We had roast duck for dinner.,我们晚饭吃了烤鸭。,"**词性**: 名词 (n.)

**释义**: 一种家禽，也指鸭肉。"
sausage,香肠,/ˈsɑː.sɪdʒ/,He likes sausages for breakfast.,他早餐喜欢吃香肠。,"**词性**: 名词 (n.)

**释义**: 用肉做的管状食品。"
chicken,鸡肉,/ˈtʃɪk.ɪn/,Do you like fried chicken?,你喜欢吃炸鸡吗？,"**词性**: 名词 (n.)

**释义**: 鸡；鸡肉。"
fish,鱼,/fɪʃ/,I like to eat fish.,我喜欢吃鱼。,"**词性**: 名词 (n.)

**释义**: 生活在水中的动物，也指鱼肉。"
meat,肉,/miːt/,She doesn't eat meat.,她不吃肉。,"**词性**: 名词 (n.)

**释义**: 动物的肉，供食用。"
candy,糖果,/ˈkæn.di/,Children love candy.,孩子们喜欢糖果。,"**词性**: 名词 (n.)

**释义**: 用糖制成的甜食。"
French fries,薯条,,I'd like a hamburger and French fries.,我想要一个汉堡和薯条。,"**词性**: 名词短语 (n. phrase)

**释义**: 把土豆切成条状后油炸而成的食物。"
soup,汤,/suːp/,Mum made vegetable soup for me.,妈妈给我做了蔬菜汤。,"**词性**: 名词 (n.)

**释义**: 用水和食材熬煮的液体食物。"
peanut,花生,/ˈpiː.nʌt/,Some people are allergic to peanuts.,有些人对花生过敏。,"**词性**: 名词 (n.)

**释义**: 一种长在地下的坚果。"
dumpling,饺子,/ˈdʌm.plɪŋ/,We eat dumplings on Spring Festival.,我们春节吃饺子。,"**词性**: 名词 (n.)

**释义**: 用面皮包馅料的中国传统食物。"
hot pot,火锅,,Let's have hot pot tonight!,今晚我们吃火锅吧！,"**词性**: 名词短语 (n. phrase)

**释义**: 一种围坐在一起涮煮食物的中国餐饮方式。"
noodles,面条,/ˈnuː.dəlz/,I like beef noodles.,我喜欢牛肉面。,"**词性**: 名词 (n.)

**释义**: 用面粉制成的细长条状食物。"
bread,面包,/bred/,She had bread and milk for breakfast.,她早餐吃了面包和牛奶。,"**词性**: 名词 (n.)

**释义**: 用面粉烘烤制成的食物。"
cake,蛋糕,/keɪk/,Mum made a birthday cake for me.,妈妈给我做了一个生日蛋糕。,"**词性**: 名词 (n.)

**释义**: 用面粉、鸡蛋、糖等烘烤制成的甜食。"
ice-cream,冰淇淋,/ˌaɪs ˈkriːm/,I want chocolate ice-cream.,我想吃巧克力冰淇淋。,"**词性**: 名词 (n.)

**释义**: 用奶油和糖冷冻制成的甜食。"
hamburger,汉堡包,/ˈhæm.bɜːr.ɡər/,He ordered a hamburger and a cola.,他点了一个汉堡和一杯可乐。,"**词性**: 名词 (n.)

**释义**: 用面包夹肉饼和蔬菜的西式快餐。"
cold drink,冷饮,,Would you like a cold drink?,你想来一杯冷饮吗？,"**词性**: 名词短语 (n. phrase)

**释义**: 冰凉的饮料。"
juice,果汁,/dʒuːs/,I'd like some apple juice.,我想要一些苹果汁。,"**词性**: 名词 (n.)

**释义**: 从水果中榨出的液体饮料。"
cola,可乐,/ˈkoʊ.lə/,Don't drink too much cola.,不要喝太多可乐。,"**词性**: 名词 (n.)

**释义**: 一种碳酸饮料。"
coffee,咖啡,/ˈkɔː.fi/,My dad drinks coffee every morning.,我爸爸每天早上喝咖啡。,"**词性**: 名词 (n.)

**释义**: 用咖啡豆磨制冲泡的饮品。"
food,食物,/fuːd/,What's your favourite food?,你最喜欢的食物是什么？,"**词性**: 名词 (n.)

**释义**: 人或动物吃的东西的总称。"
seafood,海鲜,/ˈsiː.fuːd/,I love seafood very much.,我非常喜欢海鲜。,"**词性**: 名词 (n.)

**释义**: 来自海洋的食物，如鱼、虾、蟹等。"
spring,春天,/sprɪŋ/,Flowers bloom in spring.,花在春天盛开。,"**词性**: 名词 (n.)

**释义**: 一年四季中万物复苏的季节。"
autumn,秋天,/ˈɔː.təm/,Leaves turn yellow in autumn.,树叶在秋天变黄。,"**词性**: 名词 (n.)

**释义**: 一年四季中收获的季节，也叫 fall。"
winter,冬天,/ˈwɪn.tər/,It often snows in winter.,冬天经常下雪。,"**词性**: 名词 (n.)

**释义**: 一年四季中最冷的季节。"
snowy,下雪的,/ˈsnoʊ.i/,It's a snowy day today.,今天是下雪天。,"**词性**: 形容词 (adj.)

**释义**: 正在下雪的，有很多雪的。"
windy,有风的,/ˈwɪn.di/,It's too windy to fly a kite.,风太大了，不能放风筝。,"**词性**: 形容词 (adj.)

**释义**: 刮风的，风很大的。"
cloudy,多云的,/ˈklaʊ.di/,It's cloudy today. Take an umbrella.,今天多云。带把伞吧。,"**词性**: 形容词 (adj.)

**释义**: 天空中有很多云的。"
foggy,有雾的,/ˈfɑː.ɡi/,Be careful driving on foggy days.,雾天开车要小心。,"**词性**: 形容词 (adj.)

**释义**: 有大雾的，能见度低的。"
wet,潮湿的,/wet/,The grass is wet after the rain.,雨后草地是湿的。,"**词性**: 形容词 (adj.)

**释义**: 有水的，潮湿的，不干燥的。"
happy,高兴的,/ˈhæp.i/,She looks very happy today.,她今天看起来很开心。,"**词性**: 形容词 (adj.)

**释义**: 感到快乐和满足的。"
worried,担心的,/ˈwɜːr.id/,Don't be worried. Everything will be fine.,别担心。一切都会好的。,"**词性**: 形容词 (adj.)

**释义**: 感到焦虑和不安的。"
funny,滑稽的,/ˈfʌn.i/,He told a very funny story.,他讲了一个很好笑的故事。,"**词性**: 形容词 (adj.)

**释义**: 令人发笑的，有趣好玩的。"
kind,善良的,/kaɪnd/,She is very kind to everyone.,她对每个人都很善良。,"**词性**: 形容词 (adj.)

**释义**: 对人友善、乐于助人的。"
hot,热的,/hɑːt/,It's very hot in summer.,夏天很热。,"**词性**: 形容词 (adj.)

**释义**: 温度高的，炎热的。"
cold,冷的,/koʊld/,It's cold and snowy in winter.,冬天又冷又下雪。,"**词性**: 形容词 (adj.)

**释义**: 温度低的，寒冷的。"
warm,温暖的,/wɔːrm/,Spring is warm and nice.,春天温暖而美好。,"**词性**: 形容词 (adj.)

**释义**: 温度适中偏暖的，温暖的。"
cool,凉爽的,/kuːl/,It's cool in autumn.,秋天很凉爽。,"**词性**: 形容词 (adj.)

**释义**: 温度稍低、令人舒适的。"
sunny,晴朗的,/ˈsʌn.i/,It's a sunny day. Let's go outside!,今天天气晴朗。我们出去吧！,"**词性**: 形容词 (adj.)

**释义**: 阳光充足的，天气晴好的。"
T-shirt,T恤衫,/ˈtiː.ʃɜːrt/,He wears a T-shirt in summer.,他夏天穿T恤。,"**词性**: 名词 (n.)

**释义**: 一种短袖的圆领上衣。"
pants,裤子,/pænts/,She is wearing blue pants.,她穿着蓝色裤子。,"**词性**: 名词 (n.)

**释义**: 穿在腿上的服装（美式英语）。"
glasses,眼镜,/ˈɡlæs.ɪz/,He wears glasses to read.,他戴眼镜看书。,"**词性**: 名词 (n.)

**释义**: 戴在眼睛前帮助看清东西的器具。"
jeans,牛仔裤,/dʒiːnz/,I like wearing jeans.,我喜欢穿牛仔裤。,"**词性**: 名词 (n.)

**释义**: 用牛仔布制成的裤子。"
shorts,短裤,/ʃɔːrts/,He wears shorts in hot weather.,热天他穿短裤。,"**词性**: 名词 (n.)

**释义**: 长度到膝盖以上的裤子。"
cap,鸭舌帽,/kæp/,He always wears a cap.,他总是戴着鸭舌帽。,"**词性**: 名词 (n.)

**释义**: 有帽檐的帽子。"
coat,外套,/koʊt/,Put on your coat. It's cold outside.,穿上你的外套。外面很冷。,"**词性**: 名词 (n.)

**释义**: 穿在外面的长款上衣，用于保暖。"
shoes,鞋子,/ʃuːz/,She bought a new pair of shoes.,她买了一双新鞋。,"**词性**: 名词 (n.)

**释义**: 穿在脚上的用于保护和行走的物品。"
sweater,毛衣,/ˈswet.ər/,Wear a sweater when it's cool.,天凉的时候穿毛衣。,"**词性**: 名词 (n.)

**释义**: 用毛线编织的保暖上衣。"
gloves,手套,/ɡlʌvz/,Don't forget your gloves in winter.,冬天别忘了戴手套。,"**词性**: 名词 (n.)

**释义**: 戴在手上用于保暖或保护的物品。"
trousers,长裤,/ˈtraʊ.zərz/,He is wearing black trousers.,他穿着黑色长裤。,"**词性**: 名词 (n.)

**释义**: 覆盖整条腿的裤子（英式英语）。"
shirt,衬衫,/ʃɜːrt/,He wears a white shirt to school.,他穿白衬衫上学。,"**词性**: 名词 (n.)

**释义**: 有领有扣的上衣。"
skirt,裙子,/skɜːrt/,She is wearing a pink skirt.,她穿着一条粉色裙子。,"**词性**: 名词 (n.)

**释义**: 女性穿的下身服装，从腰部垂下。"
dress,连衣裙,/dres/,She looks beautiful in that dress.,她穿那条连衣裙很漂亮。,"**词性**: 名词 (n.)

**释义**: 上下连体的女性服装。"
socks,袜子,/sɑːks/,I need a new pair of socks.,我需要一双新袜子。,"**词性**: 名词 (n.)

**释义**: 穿在脚上的短筒针织品。"
day,天,/deɪ/,What day is it today?,今天星期几？,"**词性**: 名词 (n.)

**释义**: 一天，一日。"
week,周,/wiːk/,I go swimming once a week.,我每周游泳一次。,"**词性**: 名词 (n.)

**释义**: 七天为一周。"
month,月,/mʌnθ/,There are twelve months in a year.,一年有十二个月。,"**词性**: 名词 (n.)

**释义**: 一年的十二分之一。"
year,年,/jɪr/,Happy New Year!,新年快乐！,"**词性**: 名词 (n.)

**释义**: 地球绕太阳一周的时间，十二个月。"
photo,照片,/ˈfoʊ.toʊ/,Let's take a photo together.,我们一起拍张照吧。,"**词性**: 名词 (n.)

**释义**: 用相机拍摄的图像。"
map,地图,/mæp/,Can you find it on the map?,你能在地图上找到它吗？,"**词性**: 名词 (n.)

**释义**: 标注地理信息的平面图。"
book,书,/bʊk/,I'm reading an interesting book.,我在读一本有趣的书。,"**词性**: 名词 (n.)

**释义**: 装订成册的印刷品，供阅读。"
phone,电话,/foʊn/,Can I use your phone?,我能用一下你的手机吗？,"**词性**: 名词 (n.)

**释义**: 用于通话或通信的电子设备。"
grandfather,爷爷；外公,/ˈɡrænd.fɑː.ðər/,My grandfather tells me stories.,我爷爷给我讲故事。,"**词性**: 名词 (n.)

**释义**: 爸爸或妈妈的爸爸，也叫 grandpa。"
grandmother,奶奶；外婆,/ˈɡrænd.mʌð.ər/,My grandmother makes delicious cakes.,我奶奶做的蛋糕很好吃。,"**词性**: 名词 (n.)

**释义**: 爸爸或妈妈的妈妈，也叫 grandma。"
father,父亲,/ˈfɑː.ðər/,My father is a doctor.,我爸爸是医生。,"**词性**: 名词 (n.)

**释义**: 爸爸，也叫 dad。"
brother,兄弟,/ˈbrʌð.ər/,I have a younger brother.,我有一个弟弟。,"**词性**: 名词 (n.)

**释义**: 哥哥或弟弟。"
sister,姐妹,/ˈsɪs.tər/,My sister is taller than me.,我姐姐比我高。,"**词性**: 名词 (n.)

**释义**: 姐姐或妹妹。"
uncle,叔叔；伯伯；舅舅,/ˈʌŋ.kəl/,My uncle lives in Shanghai.,我叔叔住在上海。,"**词性**: 名词 (n.)

**释义**: 爸爸或妈妈的兄弟，或姑姑、阿姨的丈夫。"
aunt,阿姨；姑姑,/ænt/,My aunt gave me a birthday gift.,我阿姨送了我一份生日礼物。,"**词性**: 名词 (n.)

**释义**: 爸爸或妈妈的姐妹，或叔叔、伯伯的妻子。"
cousin,表兄弟姐妹,/ˈkʌz.ən/,I like to play with my cousins.,我喜欢和表兄弟姐妹们一起玩。,"**词性**: 名词 (n.)

**释义**: 叔叔、伯伯、姑姑、舅舅、阿姨的孩子。"
singer,歌手,/ˈsɪŋ.ər/,She wants to be a singer.,她想成为一名歌手。,"**词性**: 名词 (n.)

**释义**: 以唱歌为职业的人。"
worker,工人,/ˈwɜːr.kər/,The workers are building a bridge.,工人们正在建一座桥。,"**词性**: 名词 (n.)

**释义**: 从事体力或技术劳动的人。"
poet,诗人,/ˈpoʊ.ɪt/,Li Bai was a famous poet.,李白是一位著名的诗人。,"**词性**: 名词 (n.)

**释义**: 写诗的人。"
writer,作家,/ˈraɪ.tər/,She is a famous writer.,她是一位著名的作家。,"**词性**: 名词 (n.)

**释义**: 以写作为职业的人。"
cook,厨师,/kʊk/,The cook made a delicious meal.,厨师做了一顿美味的饭。,"**词性**: 名词 (n.)

**释义**: 做饭的人，厨师。"
doctor,医生,/ˈdɑːk.tər/,I want to be a doctor when I grow up.,我长大想当医生。,"**词性**: 名词 (n.)

**释义**: 给病人看病和治疗的人。"
driver,司机,/ˈdraɪ.vər/,The bus driver is very friendly.,公交车司机很友好。,"**词性**: 名词 (n.)

**释义**: 驾驶交通工具的人。"
farmer,农民,/ˈfɑːr.mər/,The farmer grows vegetables on his farm.,农民在他的农场种蔬菜。,"**词性**: 名词 (n.)

**释义**: 在农场种植或饲养动物的人。"
nurse,护士,/nɜːrs/,The nurse is very kind and helpful.,护士很善良也很乐于助人。,"**词性**: 名词 (n.)

**释义**: 在医院照顾病人的人。"
police officer,警察,/pəˈliːs ˈɑː.fɪ.sər/,The police officer helps people.,警察帮助人们。,"**词性**: 名词短语 (n. phrase)

**释义**: 维护社会治安的执法人员。"
inventor,发明家,/ɪnˈven.tər/,Edison was a great inventor.,爱迪生是一位伟大的发明家。,"**词性**: 名词 (n.)

**释义**: 创造发明新事物的人。"
astronaut,宇航员,/ˈæs.trə.nɑːt/,I dream of being an astronaut.,我梦想成为一名宇航员。,"**词性**: 名词 (n.)

**释义**: 乘坐宇宙飞船去太空的人。"
lovely,可爱的,/ˈlʌv.li/,What a lovely day!,多么可爱的一天！,"**词性**: 形容词 (adj.)

**释义**: 令人喜爱的，讨人喜欢的。"
nice,好的；友好的,/naɪs/,She is a very nice girl.,她是一个很好的女孩。,"**词性**: 形容词 (adj.)

**释义**: 令人愉快的，友善的。"
active,活泼的,/ˈæk.tɪv/,He is an active boy.,他是一个活泼的男孩。,"**词性**: 形容词 (adj.)

**释义**: 好动的，积极活跃的。"
clever,聪明的,/ˈklev.ər/,She is a clever student.,她是一个聪明的学生。,"**词性**: 形容词 (adj.)

**释义**: 头脑灵活的，聪明伶俐的。"
smart,聪明的,/smɑːrt/,He is very smart in maths.,他数学很聪明。,"**词性**: 形容词 (adj.)

**释义**: 头脑聪慧的，机灵的。"
cute,可爱的,/kjuːt/,The baby is so cute!,这个宝宝太可爱了！,"**词性**: 形容词 (adj.)

**释义**: 小巧好看、惹人喜爱的。"
friendly,友好的,/ˈfrend.li/,She is friendly to everyone.,她对每个人都很友好。,"**词性**: 形容词 (adj.)

**释义**: 对人和善、容易相处的。"
polite,有礼貌的,/pəˈlaɪt/,He is a polite boy.,他是一个有礼貌的男孩。,"**词性**: 形容词 (adj.)

**释义**: 说话做事讲礼仪、有教养的。"
quiet,安静的,/ˈkwaɪ.ət/,Please be quiet in the library.,在图书馆请保持安静。,"**词性**: 形容词 (adj.)

**释义**: 没有声音的，不吵闹的。"
pretty,漂亮的,/ˈprɪt.i/,She is a pretty girl.,她是一个漂亮的女孩。,"**词性**: 形容词 (adj.)

**释义**: 外表好看的，漂亮的。"
strong,强壮的,/strɔːŋ/,He is very strong.,他很强壮。,"**词性**: 形容词 (adj.)

**释义**: 身体有力量的，结实的。"
old,老的；年纪大的,/oʊld/,My grandfather is old but healthy.,我爷爷年纪大了但很健康。,"**词性**: 形容词 (adj.)

**释义**: 年纪大的；旧的。"
young,年轻的,/jʌŋ/,She is young and active.,她年轻又活泼。,"**词性**: 形容词 (adj.)

**释义**: 年纪小的，年轻的。"
short,矮的,/ʃɔːrt/,He is short but strong.,他个子矮但很强壮。,"**词性**: 形容词 (adj.)

**释义**: 身高不高的；短的。"
tall,高的,/tɔːl/,She is the tallest girl in our class.,她是我们班最高的女孩。,"**词性**: 形容词 (adj.)

**释义**: 身高较高的。"
January,一月,/ˈdʒæn.ju.er.i/,January is the first month of the year.,一月是一年的第一个月。,"**词性**: 名词 (n.)

**释义**: 一年中的第一个月。"
March,三月,/mɑːrtʃ/,Spring begins in March.,春天从三月开始。,"**词性**: 名词 (n.)

**释义**: 一年中的第三个月。"
April,四月,/ˈeɪ.prəl/,It often rains in April.,四月经常下雨。,"**词性**: 名词 (n.)

**释义**: 一年中的第四个月。"
May,五月,/meɪ/,May Day is on May 1st.,劳动节在五月一日。,"**词性**: 名词 (n.)

**释义**: 一年中的第五个月。"
June,六月,/dʒuːn/,Children's Day is in June.,儿童节在六月。,"**词性**: 名词 (n.)

**释义**: 一年中的第六个月。"
July,七月,/dʒuˈlaɪ/,Summer holiday starts in July.,暑假从七月开始。,"**词性**: 名词 (n.)

**释义**: 一年中的第七个月。"
August,八月,/ˈɔː.ɡəst/,It's very hot in August.,八月很热。,"**词性**: 名词 (n.)

**释义**: 一年中的第八个月。"
October,十月,/ɑːkˈtoʊ.bər/,October is a beautiful month.,十月是一个美丽的月份。,"**词性**: 名词 (n.)

**释义**: 一年中的第十个月。"
December,十二月,/dɪˈsem.bər/,Christmas is in December.,圣诞节在十二月。,"**词性**: 名词 (n.)

**释义**: 一年中的最后一个月。"
first,第一,/fɜːrst/,She is the first one to arrive.,她是第一个到的。,"**词性**: 序数词 (num.)

**释义**: 排列顺序中最前面的。"
second,第二,/ˈsek.ənd/,My classroom is on the second floor.,我的教室在二楼。,"**词性**: 序数词 (num.)

**释义**: 排列顺序中的第二个。"
fourth,第四,/fɔːrθ/,Thursday is the fourth day of the week.,星期四是一周的第四天。,"**词性**: 序数词 (num.)

**释义**: 排列顺序中的第四个。"
fifth,第五,/fɪfθ/,He came fifth in the race.,他在比赛中获得第五名。,"**词性**: 序数词 (num.)

**释义**: 排列顺序中的第五个。"
on,在……上面,/ɑːn/,The book is on the desk.,书在桌子上。,"**词性**: 介词 (prep.)

**释义**: 在某物的表面上。"
in,在……里面,/ɪn/,The cat is in the box.,猫在盒子里。,"**词性**: 介词 (prep.)

**释义**: 在某个空间的内部。"
under,在……下面,/ˈʌn.dər/,The dog is under the table.,狗在桌子下面。,"**词性**: 介词 (prep.)

**释义**: 在某物的正下方。"
next to,在……旁边,,The library is next to the park.,图书馆在公园旁边。,"**词性**: 介词短语 (prep. phrase)

**释义**: 紧挨着，在旁边。"
near,在……附近,/nɪr/,Is there a bookshop near here?,这附近有书店吗？,"**词性**: 介词 (prep.)

**释义**: 离得不远，在附近。"
chair,椅子,/tʃer/,Please sit on the chair.,请坐在椅子上。,"**词性**: 名词 (n.)

**释义**: 供人坐的家具。"
desk,书桌,/desk/,There are books on my desk.,我的书桌上有书。,"**词性**: 名词 (n.)

**释义**: 用来读书写字的桌子。"
bed,床,/bed/,I go to bed at nine o'clock.,我九点上床睡觉。,"**词性**: 名词 (n.)

**释义**: 供人睡觉的家具。"
sofa,沙发,/ˈsoʊ.fə/,Dad is sitting on the sofa.,爸爸坐在沙发上。,"**词性**: 名词 (n.)

**释义**: 有靠背和扶手的软座椅。"
flowers,花,/ˈflaʊ.ərz/,There are beautiful flowers in the garden.,花园里有美丽的花。,"**词性**: 名词 (n.)

**释义**: 植物开出的美丽部分。"
box,盒子,/bɑːks/,What's in the box?,盒子里有什么？,"**词性**: 名词 (n.)

**释义**: 用来装东西的容器。"
door,门,/dɔːr/,Please close the door.,请关上门。,"**词性**: 名词 (n.)

**释义**: 建筑物或房间的出入口。"
light,灯,/laɪt/,Turn on the light, please.,请开灯。,"**词性**: 名词 (n.)

**释义**: 用来照明的设备。"
TV,电视,/ˌtiːˈviː/,I watch TV after dinner.,我晚饭后看电视。,"**词性**: 名词 (n.)

**释义**: 电视机，用来收看节目。"
clock,钟,/klɑːk/,There is a clock on the wall.,墙上有一个钟。,"**词性**: 名词 (n.)

**释义**: 用来显示时间的器具。"
one,一,/wʌn/,I have one brother.,我有一个兄弟。,"**词性**: 数词 (num.)

**释义**: 数字 1。"
two,二,/tuː/,I have two cats.,我有两只猫。,"**词性**: 数词 (num.)

**释义**: 数字 2。"
three,三,/θriː/,There are three books on the desk.,桌子上有三本书。,"**词性**: 数词 (num.)

**释义**: 数字 3。"
four,四,/fɔːr/,A dog has four legs.,狗有四条腿。,"**词性**: 数词 (num.)

**释义**: 数字 4。"
five,五,/faɪv/,I go to school five days a week.,我一周上五天学。,"**词性**: 数词 (num.)

**释义**: 数字 5。"
six,六,/sɪks/,We have dinner at six.,我们六点吃晚饭。,"**词性**: 数词 (num.)

**释义**: 数字 6。"
seven,七,/ˈsev.ən/,There are seven days in a week.,一周有七天。,"**词性**: 数词 (num.)

**释义**: 数字 7。"
eight,八,/eɪt/,I get up at eight o'clock.,我八点起床。,"**词性**: 数词 (num.)

**释义**: 数字 8。"
nine,九,/naɪn/,I go to bed at nine.,我九点睡觉。,"**词性**: 数词 (num.)

**释义**: 数字 9。"
ten,十,/ten/,I have ten fingers.,我有十根手指。,"**词性**: 数词 (num.)

**释义**: 数字 10。"
eleven,十一,/ɪˈlev.ən/,There are eleven players on a football team.,一个足球队有十一名球员。,"**词性**: 数词 (num.)

**释义**: 数字 11。"
twelve,十二,/twelv/,There are twelve months in a year.,一年有十二个月。,"**词性**: 数词 (num.)

**释义**: 数字 12。"
twenty,二十,/ˈtwen.ti/,There are twenty students in my class.,我们班有二十个学生。,"**词性**: 数词 (num.)

**释义**: 数字 20。"
thirty,三十,/ˈθɜːr.ti/,My mother is thirty years old.,我妈妈三十岁。,"**词性**: 数词 (num.)

**释义**: 数字 30。"
forty,四十,/ˈfɔːr.ti/,My father is forty years old.,我爸爸四十岁。,"**词性**: 数词 (num.)

**释义**: 数字 40。"
fifty,五十,/ˈfɪf.ti/,There are fifty chairs in the hall.,大厅里有五十把椅子。,"**词性**: 数词 (num.)

**释义**: 数字 50。"
by bus,乘公共汽车,,I go to school by bus.,我坐公共汽车上学。,"**词性**: 介词短语 (prep. phrase)

**释义**: 乘坐公共汽车出行。"
by boat,乘船,,We crossed the river by boat.,我们坐船过了河。,"**词性**: 介词短语 (prep. phrase)

**释义**: 乘坐船出行。"
by ship,乘轮船,,They travelled to Japan by ship.,他们坐轮船去了日本。,"**词性**: 介词短语 (prep. phrase)

**释义**: 乘坐大型轮船出行。"
by car,乘汽车,,My dad drives me to school by car.,我爸爸开车送我上学。,"**词性**: 介词短语 (prep. phrase)

**释义**: 乘坐小汽车出行。"
by taxi,乘出租车,,Let's go to the airport by taxi.,我们坐出租车去机场吧。,"**词性**: 介词短语 (prep. phrase)

**释义**: 乘坐出租车出行。"
by bike,骑自行车,,She goes to work by bike.,她骑自行车上班。,"**词性**: 介词短语 (prep. phrase)

**释义**: 骑自行车出行。"
by school bus,乘校车,,Many students go to school by school bus.,很多学生坐校车上学。,"**词性**: 介词短语 (prep. phrase)

**释义**: 乘坐学校的巴士上下学。"
by subway,乘地铁,,I go downtown by subway.,我坐地铁去市中心。,"**词性**: 介词短语 (prep. phrase)

**释义**: 乘坐地铁出行。"
by plane,乘飞机,,We went to Beijing by plane.,我们坐飞机去了北京。,"**词性**: 介词短语 (prep. phrase)

**释义**: 乘坐飞机出行。"
by train,乘火车,,It takes two hours by train.,坐火车要两个小时。,"**词性**: 介词短语 (prep. phrase)

**释义**: 乘坐火车出行。"
on foot,步行,,I go to school on foot.,我步行上学。,"**词性**: 介词短语 (prep. phrase)

**释义**: 走路，不乘坐交通工具。"
often,经常,/ˈɔː.fən/,I often play football after school.,我放学后经常踢足球。,"**词性**: 副词 (adv.)

**释义**: 很多次，频繁地。"
usually,通常,/ˈjuː.ʒu.ə.li/,I usually get up at seven.,我通常七点起床。,"**词性**: 副词 (adv.)

**释义**: 大多数时候，一般情况下。"
sometimes,有时候,/ˈsʌm.taɪmz/,I sometimes walk to school.,我有时候走路上学。,"**词性**: 副词 (adv.)

**释义**: 偶尔，有的时候。"
once,一次,/wʌns/,I go swimming once a week.,我每周游泳一次。,"**词性**: 副词 (adv.)

**释义**: 一次，一回。"
twice,两次,/twaɪs/,I brush my teeth twice a day.,我每天刷两次牙。,"**词性**: 副词 (adv.)

**释义**: 两次，两回。"
go shopping,去购物,,Mum goes shopping every Saturday.,妈妈每周六去购物。,"**词性**: 动词短语 (v. phrase)

**释义**: 去商店买东西。"
go boating,去划船,,Let's go boating on the lake.,我们去湖上划船吧。,"**词性**: 动词短语 (v. phrase)

**释义**: 去乘船游玩。"
go camping,去露营,,We go camping in summer.,我们夏天去露营。,"**词性**: 动词短语 (v. phrase)

**释义**: 去户外搭帐篷过夜。"
go hiking,去远足,,I like to go hiking on weekends.,我喜欢周末去远足。,"**词性**: 动词短语 (v. phrase)

**释义**: 去野外徒步行走。"
go swimming,去游泳,,We go swimming in the river.,我们在河里游泳。,"**词性**: 动词短语 (v. phrase)

**释义**: 去水中游泳运动。"
go to a drawing club,去绘画社,,She goes to a drawing club after school.,她放学后去绘画社。,"**词性**: 动词短语 (v. phrase)

**释义**: 去参加绘画兴趣社团的活动。"
dance,跳舞,/dæns/,She likes to dance.,她喜欢跳舞。,"**词性**: 动词 (v.) / 名词 (n.)

**释义**: 随着音乐节奏做身体动作。"
listen to music,听音乐,,I listen to music before bed.,我睡前听音乐。,"**词性**: 动词短语 (v. phrase)

**释义**: 用耳朵欣赏音乐。"
watch TV,看电视,,I watch TV after dinner.,我晚饭后看电视。,"**词性**: 动词短语 (v. phrase)

**释义**: 观看电视节目。"
swim,游泳,/swɪm/,I can swim very fast.,我游泳游得很快。,"**词性**: 动词 (v.)

**释义**: 在水中移动身体前进。"
run,跑步,/rʌn/,He runs every morning.,他每天早上跑步。,"**词性**: 动词 (v.)

**释义**: 用脚快速移动。"
play chess,下棋,,My grandpa teaches me to play chess.,我爷爷教我下棋。,"**词性**: 动词短语 (v. phrase)

**释义**: 进行棋类比赛或游戏。"
play computer games,玩电脑游戏,,Don't play computer games too much.,不要玩太多电脑游戏。,"**词性**: 动词短语 (v. phrase)

**释义**: 在电脑上玩电子游戏。"
play football,踢足球,,Boys like to play football.,男孩们喜欢踢足球。,"**词性**: 动词短语 (v. phrase)

**释义**: 进行足球运动。"
play basketball,打篮球,,He plays basketball every day.,他每天打篮球。,"**词性**: 动词短语 (v. phrase)

**释义**: 进行篮球运动。"
play ping-pong,打乒乓球,,I play ping-pong with my friend.,我和朋友打乒乓球。,"**词性**: 动词短语 (v. phrase)

**释义**: 进行乒乓球运动，也叫 table tennis。"
visit grandparents,看望祖父母,,We visit grandparents on weekends.,我们周末看望祖父母。,"**词性**: 动词短语 (v. phrase)

**释义**: 去祖父母家看望他们。"
wake up,醒来,,I wake up at 6:30 every day.,我每天六点半醒来。,"**词性**: 动词短语 (v. phrase)

**释义**: 从睡眠中醒过来。"
go to school,去上学,,I go to school at 7:30.,我七点半去上学。,"**词性**: 动词短语 (v. phrase)

**释义**: 去学校上课。"
go home,回家,,I go home at 4:00.,我四点回家。,"**词性**: 动词短语 (v. phrase)

**释义**: 从外面回到家里。"
go to bed,去睡觉,,I go to bed at nine o'clock.,我九点上床睡觉。,"**词性**: 动词短语 (v. phrase)

**释义**: 上床准备睡觉。"
eat breakfast,吃早饭,,I eat breakfast at 7:00.,我七点吃早饭。,"**词性**: 动词短语 (v. phrase)

**释义**: 吃一天中的第一顿饭。"
do homework,做作业,,I do homework after dinner.,我晚饭后做作业。,"**词性**: 动词短语 (v. phrase)

**释义**: 完成老师布置的家庭作业。"
stay at home,待在家,,I stay at home on rainy days.,下雨天我待在家里。,"**词性**: 动词短语 (v. phrase)

**释义**: 不出门，留在家里。"
sleep,睡觉,/sliːp/,I sleep for eight hours every night.,我每晚睡八个小时。,"**词性**: 动词 (v.)

**释义**: 闭上眼睛进入休息状态。"
study,学习,/ˈstʌd.i/,I study English every day.,我每天学英语。,"**词性**: 动词 (v.)

**释义**: 通过读书等方式获取知识。"
o'clock,……点钟,/əˈklɑːk/,It's seven o'clock now.,现在七点了。,"**词性**: 副词 (adv.)

**释义**: 表示整点时间。"
hospital,医院,/ˈhɑː.spɪ.t̬əl/,She went to the hospital to see a doctor.,她去医院看医生了。,"**词性**: 名词 (n.)

**释义**: 给病人看病和治疗的地方。"
park,公园,/pɑːrk/,We often play in the park.,我们经常在公园里玩。,"**词性**: 名词 (n.)

**释义**: 供人们休闲和游玩的公共场所。"
school,学校,/skuːl/,I like my school very much.,我非常喜欢我的学校。,"**词性**: 名词 (n.)

**释义**: 学生学习和上课的地方。"
zoo,动物园,/zuː/,We saw many animals at the zoo.,我们在动物园看到了很多动物。,"**词性**: 名词 (n.)

**释义**: 展示各种动物供人们参观的场所。"
shop,商店,/ʃɑːp/,There is a shop near my home.,我家附近有一家商店。,"**词性**: 名词 (n.)

**释义**: 出售商品的地方。"
bank,银行,/bæŋk/,My mum works in a bank.,我妈妈在银行工作。,"**词性**: 名词 (n.)

**释义**: 存钱、取钱和办理金融业务的地方。"
hotel,旅馆,/hoʊˈtel/,We stayed at a hotel near the beach.,我们住在海滩附近的旅馆。,"**词性**: 名词 (n.)

**释义**: 为旅客提供住宿的地方。"
police station,警察局,,The police station is next to the bank.,警察局在银行旁边。,"**词性**: 名词短语 (n. phrase)

**释义**: 警察办公和处理事务的地方。"
subway station,地铁站,,The subway station is across from the library.,地铁站在图书馆对面。,"**词性**: 名词短语 (n. phrase)

**释义**: 乘坐地铁的站点。"
