passage,This passage tells a story about friendship.,这段文章讲述了一个关于友谊的故事。
will,Her strong will helped her finish the race.,她坚强的意志帮助她完成了比赛。
paragraph,Please read the first paragraph aloud.,请大声朗读第一段。
social,Joining a club can improve your social skills.,参加社团可以提高你的社交能力。
just,I just finished my homework.,我刚刚完成作业。
stress,Too much homework can cause stress.,太多作业会造成压力。
information,You can find more information on this website.,你可以在这个网站上找到更多信息。
research,Our research shows that sleep is important.,我们的研究表明睡眠很重要。
found,They hope to found a new reading club.,他们希望成立一个新的读书社。
control,She can control the robot with her phone.,她可以用手机控制机器人。
means,Walking is a simple means of exercise.,步行是一种简单的锻炼方式。
technology,Modern technology makes communication easier.,现代技术使交流更加容易。
likely,It is likely to rain this afternoon.,今天下午很可能下雨。
part,Music is an important part of my life.,音乐是我生活中重要的一部分。
attention,Please pay attention to the road.,请注意道路情况。
experience,The school trip was a wonderful experience.,这次学校旅行是一次美好的经历。
through,Sunlight came through the window.,阳光透过窗户照了进来。
purpose,The purpose of this meeting is to solve the problem.,这次会议的目的是解决这个问题。
effect,Regular exercise has a good effect on your health.,经常锻炼对你的健康有良好作用。
media,The news spread quickly through social media.,这条消息通过社交媒体迅速传播。
possible,Is it possible to finish this today?,今天有可能完成这件事吗？
future,She wants to be a doctor in the future.,她将来想成为一名医生。
influence,Parents have a strong influence on their children.,父母对孩子有很大的影响。
university,My sister studies science at university.,我姐姐在大学学习科学。
language,English is a useful international language.,英语是一门有用的国际语言。
science,We did an interesting experiment in science class.,我们在科学课上做了一个有趣的实验。
process,Learning a language is a long process.,学习一门语言是一个漫长的过程。
main,The main road is closed today.,主干道今天封闭了。
mind,A strange thought came into my mind.,一个奇怪的念头出现在我的脑海中。
explain,Can you explain this question to me?,你能给我解释一下这道题吗？
back,He went back to get his schoolbag.,他回去拿书包了。
sense,I had a sense that something was wrong.,我感觉有什么地方不对劲。
memory,The photo brought back a happy memory.,这张照片唤起了一段快乐的回忆。
data,The students collected data for their project.,学生们为项目收集了数据。
lead,Our teacher will lead us to the museum.,老师将带领我们去博物馆。
certain,I am certain that she will come.,我确定她会来。
create,We can create a poster for the school festival.,我们可以为校园节制作一张海报。
live,My grandparents live near the sea.,我的祖父母住在海边。
encourage,Good teachers encourage students to ask questions.,好老师鼓励学生提问。
class,Our class won the basketball game.,我们班赢得了篮球比赛。
mental,Enough sleep is important for mental health.,充足的睡眠对心理健康很重要。
instead,We walked to school instead of taking the bus.,我们没有坐公交车，而是步行去了学校。
living,All living things need water.,所有生物都需要水。
focus,Please focus on your homework.,请专心做作业。
knowledge,Reading gives us knowledge about the world.,阅读让我们了解世界。
digital,She uses a digital camera to take photos.,她用数码相机拍照。
environment,We should protect the environment.,我们应该保护环境。
deal,The shop offered me a good deal on this bike.,商店给了我这辆自行车一个很划算的价格。
physical,Swimming is good for your physical health.,游泳有益于身体健康。
internet,We use the internet to search for information.,我们用互联网搜索信息。
training,The team has football training every Friday.,球队每周五进行足球训练。
performance,The students gave a wonderful performance.,学生们带来了一场精彩的表演。
share,I often share my lunch with my best friend.,我经常和最好的朋友分享午餐。
term,We will study Chinese history this term.,这学期我们将学习中国历史。
culture,Food is an important part of culture.,食物是文化的重要组成部分。
increase,Daily reading can increase your vocabulary.,每天阅读可以增加你的词汇量。
set,She set the books on the desk.,她把书放在了桌上。
daily,Walking the dog is part of my daily life.,遛狗是我日常生活的一部分。
situation,We stayed calm in a difficult situation.,我们在困难的情况下保持了冷静。
success,Hard work is the key to success.,努力是成功的关键。
common,It is common to see bikes in this city.,在这座城市看到自行车很常见。
energy,A healthy breakfast gives me energy.,健康的早餐给我带来精力。
thought,I had a sudden thought on my way home.,回家的路上，我突然有了一个念头。
exercise,Regular exercise keeps us healthy.,经常锻炼使我们保持健康。
task,Our first task is to clean the classroom.,我们的第一项任务是打扫教室。
role,She played the role of a doctor in the play.,她在戏剧中扮演医生的角色。
natural,The lake is famous for its natural beauty.,这个湖以其自然美景而闻名。
video,We watched a short video about space.,我们观看了一个关于太空的短视频。
plastic,Please put the plastic bottles in this bin.,请把塑料瓶放进这个垃圾桶。
simple,This question has a simple answer.,这个问题有一个简单的答案。
special,We made a special card for our teacher.,我们为老师制作了一张特别的卡片。
practice,You need more practice to play the piano well.,要弹好钢琴，你需要更多练习。
moment,Please wait a moment outside.,请在外面稍等片刻。
activity,The school activity starts at nine.,学校活动九点开始。
experiment,The experiment showed that plants need light.,这个实验表明植物需要光。
personal,Do not share your personal information online.,不要在网上分享你的个人信息。
understanding,This book gave me a better understanding of nature.,这本书让我对大自然有了更深入的理解。
popular,Basketball is popular among our students.,篮球很受我们学生欢迎。
provide,The school will provide lunch for everyone.,学校将为每个人提供午餐。
order,Please put these pictures in the correct order.,请按正确顺序排列这些图片。
light,The morning light filled the room.,晨光照亮了房间。
progress,She has made great progress in English.,她在英语方面取得了很大进步。
intelligence,The clever dog surprised us with its intelligence.,这只聪明的狗以它的智慧让我们感到惊讶。
amount,Drink a small amount of water before the race.,比赛前喝少量的水。
necessary,It is necessary to wear a helmet when cycling.,骑自行车时戴头盔是必要的。
cause,Heavy rain can cause floods.,大雨可能引发洪水。
once,I visit my grandparents once a week.,我每周看望祖父母一次。
level,The water level rose after the rain.,雨后水位上升了。
effort,Your hard work and effort will bring results.,你的辛勤付出和努力会带来成果。
benefit,Fresh air is a benefit of country life.,新鲜空气是乡村生活的一个好处。
similar,My bag is similar to yours.,我的包和你的很相似。
system,The school has a new computer system.,学校有一套新的计算机系统。
communicate,People use language to communicate with each other.,人们用语言互相交流。
works,We read several works by this writer.,我们读了这位作家的几部作品。
last,The meeting will last for an hour.,会议将持续一个小时。
matter,Your ideas matter to the whole team.,你的想法对整个团队很重要。
introduce,Let me introduce my new classmate.,让我介绍一下我的新同学。
especially,"I like fruit, especially oranges.",我喜欢水果，尤其是橙子。
later,I will call you later this evening.,今晚晚些时候我会给你打电话。
form,Please fill in this form before class.,请在上课前填写这张表格。
active,She is active in school sports.,她积极参加学校的体育活动。
zone,This area is a safe zone for children.,这个区域是儿童安全区。
support,My family always gives me support.,我的家人总是给予我支持。
project,Our science project is about clean water.,我们的科学项目是关于清洁水的。
seem,You seem tired after the long walk.,走了这么久后，你似乎累了。
perhaps,Perhaps we can visit the museum tomorrow.,也许我们明天可以参观博物馆。
protect,Trees help protect the soil from heavy rain.,树木有助于保护土壤免受大雨冲刷。
anxiety,Deep breathing can reduce anxiety.,深呼吸可以减轻焦虑。
learned,The learned professor wrote many books.,那位博学的教授写了许多书。
realize,I did not realize how late it was.,我没有意识到时间已经这么晚了。
pleasure,It was a pleasure to meet your family.,很高兴见到你的家人。
rather,I would rather walk than wait for the bus.,我宁愿步行，也不愿等公交车。
act,We must act quickly to help the injured bird.,我们必须迅速行动，帮助这只受伤的小鸟。
though,"Though it was cold, we still went outside.",虽然天气很冷，我们还是出去了。
present,All students were present at the meeting.,所有学生都出席了会议。
risk,Climbing that wet wall is a serious risk.,攀爬那堵湿滑的墙有很大风险。
goal,My goal is to read twenty books this year.,我的目标是今年读二十本书。
harmful,Too much sugar can be harmful to your teeth.,吃太多糖可能对牙齿有害。
society,Everyone can do something useful for society.,每个人都能为社会做些有益的事。
robot,The robot can carry heavy boxes.,这个机器人能搬运重箱子。
junk,We cleared the old junk out of the garage.,我们清理了车库里的旧废品。
simply,The machine works simply and safely.,这台机器操作简单而且安全。
pressure,She felt pressure before the final exam.,期末考试前她感到了压力。
least,This small room gets the least sunlight.,这个小房间得到的阳光最少。
professor,The professor gave a talk about space.,教授做了一场关于太空的讲座。
challenge,Learning to swim was a challenge for me.,学习游泳对我来说是一项挑战。
prefer,I prefer tea to coffee.,比起咖啡，我更喜欢茶。
method,This method makes the problem easier to solve.,这个方法使问题更容易解决。
motivation,Her dream gives her motivation to work hard.,她的梦想给了她努力学习的动力。
communication,Good communication can prevent many problems.,良好的沟通可以避免许多问题。
within,Please finish the test within thirty minutes.,请在三十分钟内完成测试。
type,I can type forty words a minute.,我一分钟能打四十个单词。
depend,Children depend on adults for care and safety.,孩子们依靠成年人获得照顾和安全保障。
sound,I heard a strange sound outside.,我听到外面有一个奇怪的声音。
scientific,We need scientific facts to support the idea.,我们需要科学事实来支持这个观点。
feedback,The teacher gave me helpful feedback on my writing.,老师对我的作文给出了有帮助的反馈。
serious,Air pollution is a serious problem.,空气污染是一个严重的问题。
step,The first step is to make a plan.,第一步是制定计划。
failure,One failure should not stop you from trying again.,一次失败不应该阻止你再次尝试。
notice,Did you notice the new picture on the wall?,你注意到墙上的新画了吗？
speed,The car reduced its speed near the school.,汽车在学校附近降低了速度。
perfect,The weather is perfect for a picnic.,这天气非常适合野餐。
product,This product is made from recycled paper.,这个产品由再生纸制成。
store,There is a small store near my home.,我家附近有一家小商店。
single,There was not a single cloud in the sky.,天空中一朵云也没有。
weight,Exercise can help you keep a healthy weight.,锻炼可以帮助你保持健康的体重。
public,The new library is open to the public.,新图书馆向公众开放。
state,The patient is in a stable state now.,病人现在处于稳定状态。
consider,Please consider all the choices before deciding.,决定前请考虑所有选择。
company,My aunt works for a small company.,我姑姑在一家小公司工作。
produce,These farms produce fresh milk.,这些农场生产鲜牛奶。
tool,A knife is a useful tool.,刀是一种有用的工具。
record,Please record your answer in the notebook.,请把你的答案记录在笔记本上。
design,She drew a simple design for the school garden.,她为学校花园画了一份简单的设计图。
recognize,I can recognize him by his voice.,我能通过声音认出他。
compare,Let us compare these two pictures.,让我们比较一下这两幅图。
quality,This bag is small but its quality is good.,这个包虽小但质量很好。
shape,The lake has the shape of a heart.,这个湖呈心形。
model,Tom made a model of the new bridge.,汤姆做了一个新桥模型。
receive,You will receive a reply tomorrow.,你明天会收到回复。
challenging,Climbing the hill was challenging but fun.,爬这座山很有挑战性但也很有趣。
climate,The island has a warm climate.,这座岛气候温暖。
decision,It was a difficult decision for Amy.,这对埃米来说是个艰难的决定。
course,I took a short art course last summer.,去年夏天我上了一门短期美术课。
violent,The violent storm broke several windows.,猛烈的暴风雨打破了几扇窗户。
perform,Our class will perform a play tonight.,我们班今晚将表演一出戏。
remind,Please remind me to bring my camera.,请提醒我带相机。
percent,About 70 percent of the students walk to school.,大约百分之七十的学生步行上学。
background,There are green hills in the background.,背景中有青山。
million,The city has over one million people.,这座城市有一百多万人。
quite,The math test was quite easy.,这次数学考试十分简单。
attitude,A positive attitude can help you succeed.,积极的态度能帮助你成功。
connection,There is a close connection between sleep and health.,睡眠与健康之间有密切联系。
relationship,Lily has a good relationship with her parents.,莉莉和父母关系很好。
require,This job will require patience.,这项工作需要耐心。
correct,Your answer is correct.,你的答案是正确的。
willing,Jack is willing to help his classmates.,杰克愿意帮助同学。
recent,Recent rain has filled the river.,最近的降雨使河水上涨了。
image,The mirror showed a clear image of my face.,镜子清楚地映出了我的脸。
competition,Our team won the singing competition.,我们队赢得了歌唱比赛。
musical,My sister is very musical and plays the piano well.,我妹妹很有音乐天赋，钢琴弹得很好。
prepare,We need to prepare for the English test.,我们需要为英语考试做准备。
proper,Wear proper shoes for the long walk.,长途步行要穿合适的鞋。
modern,This modern library has many computers.,这座现代化图书馆有许多电脑。
potential,The coach saw great potential in the young runner.,教练看到了这名年轻跑步者的巨大潜力。
fall,Leaves turn yellow in the fall.,树叶在秋季变黄。
express,Music can help us express our feelings.,音乐能帮助我们表达感情。
local,We bought fresh fruit at the local market.,我们在当地市场买了新鲜水果。
fail,Do not be afraid to fail.,不要害怕失败。
harm,Too much sun can harm your skin.,过多日晒会伤害皮肤。
view,We had a wonderful view of the sea.,我们看到了美丽的海景。
therefore,It was raining; therefore we stayed inside.,天下着雨，因此我们待在室内。
traditional,My grandma taught me a traditional song.,奶奶教了我一首传统歌曲。
rope,They tied the boat to a tree with a rope.,他们用绳子把船系在树上。
literature,She enjoys reading Chinese literature.,她喜欢阅读中国文学作品。
upset,Ben was upset about losing the game.,本因输掉比赛而难过。
exactly,The bus arrived at exactly nine o'clock.,公共汽车正好九点到达。
balance,She lost her balance and fell.,她失去平衡摔倒了。
management,Good time management makes study easier.,良好的时间管理让学习更轻松。
choice,You have a choice between tea and juice.,你可以在茶和果汁之间选择。
library,I borrowed two books from the library.,我从图书馆借了两本书。
loss,The fire caused a great loss to the farm.,大火给农场造成了巨大损失。
beneficial,Daily exercise is beneficial to our health.,每天锻炼有益于健康。
office,My mother works in an office downtown.,我妈妈在市中心的一间办公室工作。
forward,He stepped forward to answer the question.,他走上前回答问题。
list,I made a list of things to buy.,我列了一张购物清单。
sign,The red sign tells drivers to stop.,这个红色标志提醒司机停车。
college,My brother hopes to go to college next year.,我哥哥希望明年上大学。
saying,There is an old saying about the value of time.,有一句关于时间价值的老话。
fake,The police found that the painting was fake.,警方发现这幅画是假的。
ocean,Many kinds of fish live in the ocean.,许多种鱼生活在海洋里。
check,Please check your answers before you finish.,完成前请检查你的答案。
period,China changed greatly during this period.,中国在这一时期发生了巨大变化。
production,The factory increased car production this year.,这家工厂今年提高了汽车产量。
theory,We tested the theory with a simple experiment.,我们用一个简单的实验验证了这个理论。
discover,Scientists may discover new life in the deep sea.,科学家可能会在深海发现新的生命。
spread,Dark clouds spread across the sky.,乌云在天空中蔓延开来。
imagine,Can you imagine life without electricity?,你能想象没有电的生活吗？
market,My father buys vegetables at the morning market.,我爸爸在早市买蔬菜。
talent,Mia has a talent for drawing.,米娅有绘画天赋。
responsibility,Keeping the classroom clean is our responsibility.,保持教室整洁是我们的责任。
field,The cows are eating grass in the field.,奶牛正在田野里吃草。
suffer,Plants suffer when they get too little water.,植物缺水时会受损。
flash,A flash of lightning lit up the sky.,一道闪电照亮了天空。
achievement,Finishing the long race was a great achievement.,完成长跑是一项了不起的成就。
carbon,All living things contain carbon.,所有生物都含有碳。
opinion,In my opinion this plan is better.,在我看来，这个计划更好。
medical,The injured boy needs medical help.,受伤的男孩需要医疗救助。
material,Wood is a common building material.,木材是一种常见的建筑材料。
normal,It is normal to feel nervous before a test.,考试前感到紧张是正常的。
cancer,Smoking can increase the risk of cancer.,吸烟会增加患癌症的风险。
journal,I write about each school day in my journal.,我在日记中记录每个上学日。
surface,The surface of the lake was smooth.,湖面很平静。
garbage,Please put the garbage in this bin.,请把垃圾放进这个垃圾桶。
late,Kevin was late for school this morning.,凯文今天早上上学迟到了。
valuable,This old watch is very valuable.,这块旧手表很值钱。
mistake,I made a mistake in the last question.,我在最后一道题中犯了错误。
describe,Can you describe the missing dog?,你能描述一下那只走失的狗吗？
prove,The photo can prove that he was there.,这张照片能证明他当时在那里。
various,The shop sells various kinds of bread.,这家商店出售各种面包。
grade,Lucy got a high grade in science.,露西的科学课得了高分。
function,The main function of roots is to take in water.,根的主要功能是吸收水分。
courage,It took courage to speak in front of the whole school.,在全校师生面前讲话需要勇气。
emergency,Call this number in an emergency.,遇到紧急情况请拨打这个号码。
evidence,The muddy shoes were evidence that Sam went outside.,沾泥的鞋子证明萨姆出过门。
sensitive,Be sensitive to the feelings of others.,要体谅他人的感受。
handwriting,Her handwriting is neat and easy to read.,她的字迹工整易读。
gratitude,We showed our gratitude with a thank-you card.,我们用一张感谢卡表达感激之情。
pollution,Air pollution is a serious problem in many cities.,空气污染是许多城市的严重问题。
lie,I like to lie on the grass and watch the clouds.,我喜欢躺在草地上看云。
tend,Young children tend to ask many questions.,小孩子往往会问很多问题。
general,The teacher gave us a general idea of the project.,老师向我们介绍了这个项目的大致情况。
case,In this case we should ask an adult for help.,在这种情况下，我们应该向成年人求助。
search,The police began a search for the lost child.,警方开始搜寻走失的孩子。
hug,I always hug my grandma when I see her.,我每次见到奶奶都会拥抱她。
museum,We saw ancient bowls at the museum.,我们在博物馆看到了古代的碗。
reality,Her dream of becoming a pilot became reality.,她当飞行员的梦想变成了现实。
respond,Please respond to my question clearly.,请清楚地回答我的问题。
organization,This organization provides books for poor children.,这个组织为贫困儿童提供书籍。
article,I read an interesting article about space.,我读了一篇关于太空的有趣文章。
ancient,People built this ancient wall thousands of years ago.,人们几千年前建造了这堵古老的城墙。
fight,The two boys had a fight after school.,两个男孩放学后打了一架。
connect,This bridge will connect the two villages.,这座桥将连接两个村庄。
air,Open the window and let in some fresh air.,打开窗户让新鲜空气进来。
tiny,A tiny bird landed on the branch.,一只小鸟落在树枝上。
brush,Remember to brush your teeth twice a day.,记得每天刷两次牙。
gravity,Gravity pulls everything toward the ground.,重力把一切物体拉向地面。
event,The sports day is an important school event.,运动会是学校的一项重要活动。
basic,Every student should know these basic rules.,每个学生都应该知道这些基本规则。
worldwide,The song became popular worldwide.,这首歌风靡全球。
conversation,We had a long conversation about our future.,我们就未来进行了一次长谈。
expensive,That coat is too expensive for me.,那件外套对我来说太贵了。
addition,The new classroom is a useful addition to our school.,新教室是学校新增的实用设施。
besides,Besides English she also studies French.,除了英语，她还学法语。
continue,The rain may continue until evening.,这场雨可能会持续到晚上。
add,Please add some water to the soup.,请往汤里加些水。
mobile,The small table is mobile and easy to move.,这张小桌子可移动，很容易搬动。
terrible,We had terrible weather during the trip.,旅行期间天气糟透了。
gym,We play basketball in the school gym.,我们在学校体育馆打篮球。
stand,There is a fruit stand near the station.,车站附近有一个水果摊。
expert,We asked an expert to repair the old clock.,我们请了一位专家修理这座旧钟。
line,Please stand in a line outside the classroom.,请在教室外排成一行。
treat,We should treat everyone with respect.,我们应该尊重地对待每个人。
productive,I had a productive afternoon and finished all my homework.,我度过了一个高效的下午，完成了所有作业。
throughout,It rained throughout the night.,雨下了一整夜。
average,The average age of the players is fourteen.,这些运动员的平均年龄是十四岁。
electricity,The storm cut off electricity in our village.,暴风雨使我们村停了电。
instrument,The piano is my favorite musical instrument.,钢琴是我最喜欢的乐器。
truth,Please tell me the truth.,请告诉我真相。
protein,Eggs are a good source of protein.,鸡蛋是蛋白质的良好来源。
native,The panda is native to China.,大熊猫原产于中国。
draft,I finished the first draft of my story.,我完成了故事的初稿。
strengthen,Regular exercise can strengthen your body.,经常锻炼可以增强体质。
bat,He hit the ball hard with the bat.,他用球棒用力击球。
industry,The car industry provides many jobs.,汽车产业提供了许多工作岗位。
surprise,The birthday party was a wonderful surprise.,生日聚会是一个美好的惊喜。
planet,Earth is the third planet from the sun.,地球是距离太阳第三近的行星。
website,Our school website has the latest news.,我们学校的网站上有最新消息。
peer,Lin asked a peer for help with the homework.,林向一位同龄人请教作业。
bored,I felt bored during the long wait.,漫长的等待让我感到无聊。
boring,The movie was so boring that I fell asleep.,这部电影太无聊了，我都睡着了。
satisfaction,She smiled with satisfaction after finishing the painting.,完成这幅画后，她满意地笑了。
expect,We expect the bus to arrive at eight.,我们预计公交车八点到达。
regular,Regular exercise can keep your body strong.,经常锻炼能让你的身体保持强壮。
affect,Loud noise can affect your sleep.,噪声会影响你的睡眠。
scientist,The scientist studies plants in the rainforest.,这位科学家研究雨林中的植物。
strength,It took all my strength to move the heavy box.,我用尽全身力气才搬动那个重箱子。
push,Please push the door to open it.,请推门把它打开。
height,The height of this wall is two meters.,这堵墙的高度是两米。
reward,Dad gave me a book as a reward.,爸爸送给我一本书作为奖励。
yawn,I always yawn when I feel sleepy.,我困倦时总会打哈欠。
force,Do not force your little brother to share his toy.,不要强迫弟弟分享他的玩具。
journey,Our train journey took three hours.,我们的火车旅程持续了三个小时。
television,My grandparents watch the news on television every evening.,我的祖父母每天晚上看电视新闻。
pleasant,We had a pleasant walk by the lake.,我们在湖边愉快地散了步。
population,The population of this town is growing quickly.,这个城镇的人口正在快速增长。
message,I left a message for you on the table.,我在桌上给你留了口信。
opposite,The bank is opposite the post office.,银行在邮局对面。
raise,Please raise your hand before you speak.,发言前请举手。
biological,Every child has biological needs such as food and sleep.,每个孩子都有食物和睡眠等生理需求。
collect,We collect old bottles for recycling.,我们收集旧瓶子用于回收。
medicine,Take this medicine after dinner.,晚饭后服用这种药。
prevent,Washing your hands can prevent illness.,洗手可以预防疾病。
manage,Can you manage this project by yourself?,你能独自管理这个项目吗？
psychology,My sister hopes to study psychology at college.,我姐姐希望在大学学习心理学。
figure,Please write the correct figure in each box.,请在每个方框里填入正确的数字。
practical,This book gives practical advice on saving water.,这本书提供了节约用水的实用建议。
succeed,You will succeed if you keep trying.,如果坚持尝试，你会成功的。
wonder,I wonder why the sky turns red at sunset.,我想知道为什么日落时天空会变红。
complete,Please complete the form before Friday.,请在星期五前填完这张表。
speech,Anna gave a short speech about friendship.,安娜做了一个关于友谊的简短演讲。
cancel,Heavy rain may cancel the football match.,大雨可能会导致足球赛取消。
explore,We went into the forest to explore its hidden paths.,我们走进森林探索其中隐秘的小路。
train,The train leaves the station at noon.,火车中午驶离车站。
degree,The temperature rose by one degree.,温度升高了一度。
adapt,It took me a month to adapt to my new school.,我花了一个月适应新学校。
stick,Use this glue to stick the picture to the card.,用这种胶水把图片粘到卡片上。
lab,We wore safety glasses in the science lab.,我们在科学实验室里戴了护目镜。
convenient,Online shopping is convenient for busy people.,网上购物对忙碌的人来说很方便。
guide,Our guide showed us around the old city.,导游带我们参观了这座古城。
familiar,Her voice sounds familiar to me.,她的声音我听起来很熟悉。
fit,These shoes fit me perfectly.,这双鞋非常合我的脚。
confident,Leo felt confident before the math test.,利奥在数学考试前很自信。
lunch,We usually have lunch at school.,我们通常在学校吃午饭。
cost,The new bike will cost about five hundred yuan.,这辆新自行车大约要花五百元。
latest,Have you read the latest school news?,你看过学校的最新消息了吗？
movement,The dancer's movement was smooth and graceful.,这位舞者的动作流畅而优美。
advantage,One advantage of cycling is that it keeps you fit.,骑自行车的一个好处是能让你保持健康。
alive,The fish was still alive when we found it.,我们发现这条鱼时，它还活着。
government,The government plans to build a new hospital.,政府计划建一所新医院。
promote,The school uses posters to promote healthy eating.,学校用海报促进健康饮食。
interact,Games help young children interact with one another.,游戏帮助幼儿彼此互动。
chemical,The teacher warned us not to touch the chemical.,老师警告我们不要触碰这种化学品。
signal,The red light is a signal to stop.,红灯是停车的信号。
anxious,Mum felt anxious when I came home late.,我很晚回家时，妈妈很担心。
desire,He has a strong desire to help other people.,他有帮助他人的强烈愿望。
immediate,The injured boy needed immediate help.,那个受伤的男孩需要立即得到帮助。
discovery,The discovery of the cave excited everyone.,这个洞穴的发现让所有人都很兴奋。
separate,Please keep raw meat separate from other food.,请把生肉与其他食物分开放。
none,None of the students were late today.,今天没有一个学生迟到。
century,This bridge was built over a century ago.,这座桥建于一个多世纪前。
generation,This story has passed from one generation to the next.,这个故事代代相传。
explanation,His clear explanation helped me understand the rule.,他清楚的解释帮助我理解了这条规则。
fair,Our teacher gave everyone a fair chance.,老师给了每个人公平的机会。
gradually,The dark clouds gradually disappeared.,乌云逐渐消散了。
exposure,Long exposure to loud noise can harm your ears.,长时间处于噪声中会损伤耳朵。
leading,She is a leading doctor in the city.,她是这座城市首屈一指的医生。
passive,Do not be passive when your team needs ideas.,团队需要想法时，不要太被动。
remain,Please remain quiet during the test.,考试期间请保持安静。
gain,You can gain useful skills from this course.,你可以从这门课程中学到实用技能。
extra,I need extra time to finish the project.,我需要额外的时间完成这个项目。
fine,I feel fine after a good night's sleep.,好好睡了一晚后，我感觉很好。
wisdom,Grandpa shared his wisdom with the whole family.,爷爷把他的智慧分享给全家人。
behave,Please behave politely at the dinner table.,在餐桌旁请举止有礼。
ban,Our school has a ban on smoking.,我们学校禁止吸烟。
unusual,It is unusual to see snow here in April.,这里四月下雪很不寻常。
boost,A healthy breakfast can boost your energy.,健康的早餐可以补充你的能量。
page,Turn to page twenty and read the story.,翻到第二十页并阅读这个故事。
curious,The curious child looked inside the box.,那个好奇的孩子朝盒子里看。
extreme,The runners had to stop because of the extreme heat.,由于天气极其炎热，跑步者不得不停下来。
distance,We could see the mountains in the distance.,我们能看见远处的群山。
pocket,I found a coin in my pocket.,我在口袋里发现了一枚硬币。
ecology,Students are learning how pollution affects local ecology.,学生们正在学习污染如何影响当地生态。
complex,This math problem looks complex at first.,这道数学题乍看起来很复杂。
billion,Over a billion people use this app.,超过十亿人使用这个应用程序。
relax,I listen to soft music to relax.,我听轻柔的音乐来放松。
fresh,We bought fresh bread from the bakery.,我们从面包店买了新鲜面包。
variety,The market sells a variety of fruits.,市场出售各种各样的水果。
treatment,The patient needs treatment for his injured knee.,这位病人的膝伤需要治疗。
feed,Remember to feed the cat before school.,上学前记得喂猫。
access,Every student has access to the school library.,每名学生都可以使用学校图书馆。
upon,Once upon a time there lived a kind king.,从前有一位善良的国王。
decrease,The number of wild pandas may decrease without protection.,如果没有保护，野生大熊猫的数量可能会减少。
draw,I like to draw animals in my notebook.,我喜欢在笔记本里画动物。
measure,Use this ruler to measure the desk.,用这把尺子测量书桌。
nutrition,Milk provides good nutrition for growing children.,牛奶为成长中的儿童提供良好营养。
skipping,Mia brought a skipping rope to the playground.,米娅带了一根跳绳到操场。
actual,The actual cost was lower than we expected.,实际花费比我们预想的低。
turning,Take the first turning on your left.,在第一个拐弯处向左转。
excellent,You did an excellent job on the project.,你出色地完成了这个项目。
invention,The telephone was an important invention.,电话是一项重要的发明。
lack,The plants died from a lack of water.,这些植物因缺水而枯死。
ahead,Go ahead and I will follow you.,你先往前走，我会跟着你。
lecture,We attended a lecture about space travel.,我们听了一场关于太空旅行的讲座。
leader,A good leader listens to every team member.,好的领导者会倾听每位团队成员的意见。
score,Our team needs one more goal to score a win.,我们队还需要一个进球才能赢得比赛。
unknown,The cause of the strange sound is still unknown.,奇怪声响的原因仍然不明。
limit,Parents should limit children's screen time.,父母应该限制孩子使用屏幕的时间。
individual,Each individual can help protect the environment.,每个人都能为保护环境出力。
include,The price will include breakfast and dinner.,这个价格将包括早餐和晚餐。
appearance,Do not judge a person only by appearance.,不要只凭外表判断一个人。
damage,The storm caused serious damage to the roof.,暴风雨对屋顶造成了严重破坏。
length,We measured the length of the classroom.,我们测量了教室的长度。
identity,The police checked his identity at the gate.,警察在门口核实了他的身份。
temperature,The temperature may fall below zero tonight.,今晚气温可能降到零度以下。
cube,Put one ice cube into the glass.,往玻璃杯里放一块冰。
brand,This local brand makes good sports shoes.,这个本土品牌生产优质运动鞋。
vocabulary,Reading every day can improve your vocabulary.,每天阅读可以扩大你的词汇量。
birdcage,The birdcage stood beside the window.,鸟笼放在窗户旁边。
organize,We will organize a book sale next week.,我们下周将组织一次图书义卖。
nervous,I always feel nervous before speaking in public.,我在公开讲话前总会感到紧张。
network,The computer network connects every classroom.,计算机网络连接着每间教室。
unable,Tom was unable to open the locked door.,汤姆无法打开锁着的门。
possibility,There is a possibility of rain this afternoon.,今天下午有可能下雨。
clothing,Warm clothing is necessary in winter.,冬天需要穿保暖衣物。
gift,This watch was a birthday gift from my aunt.,这块手表是姑姑送我的生日礼物。
rate,The doctor checked my heart rate.,医生检查了我的心率。
volunteer,I work as a volunteer at the animal center.,我在动物救助中心做志愿者。
spring,Many flowers open in spring.,许多花在春天开放。
association,Our school has an association for young artists.,我们学校有一个青年艺术家社团。
apart,The two villages are five kilometers apart.,这两个村庄相距五公里。
excuse,Being tired is no excuse for being rude.,疲倦不是无礼的借口。
worth,This old castle is worth visiting.,这座古城堡值得参观。
strange,I heard a strange noise outside my window.,我听到窗外有奇怪的声音。
reasonable,The shop sells good shoes at a reasonable price.,这家商店以合理的价格出售优质鞋子。
unlike,"Unlike his brother, Sam enjoys cooking.",萨姆和哥哥不同，他喜欢做饭。
exist,Some animals can exist only in warm places.,有些动物只能在温暖的地方生存。
trustworthy,A trustworthy friend always keeps a promise.,值得信赖的朋友总会信守承诺。
international,Our city will host an international music festival.,我们的城市将举办一场国际音乐节。
software,This software helps me edit photos.,这个软件帮助我编辑照片。
keyboard,There is dust under the computer keyboard.,电脑键盘下面有灰尘。
hardly,I could hardly hear her in the noisy room.,房间里太吵，我几乎听不见她说话。
suffering,The medicine reduced the patient's suffering.,这种药减轻了病人的痛苦。
path,We followed a narrow path through the woods.,我们沿着一条狭窄的小路穿过树林。
lift,Can you help me lift this heavy bag?,你能帮我提起这个重包吗？
neither,Neither answer is correct.,两个答案都不正确。
park,The children played in the park after school.,孩子们放学后在公园里玩。
optimistic,She is optimistic about the future.,她对未来很乐观。
praise,Teachers praise him for his kindness.,老师们表扬他的善良。
particular,This particular book is very useful.,这本特别的书很有用。
match,This blue shirt will match your jeans.,这件蓝衬衫和你的牛仔裤很相配。
major,Air pollution is a major problem here.,空气污染是这里的一个主要问题。
visual,The chart gives us a clear visual guide.,这张图表为我们提供了清晰的视觉指引。
genius,Everyone thought the young inventor was a genius.,大家都认为这位年轻发明家是个天才。
platform,We waited for the train on platform three.,我们在三号站台等火车。
apply,I plan to apply for the school team.,我打算申请加入校队。
obvious,It was obvious that she was tired.,很明显她累了。
worm,The bird pulled a worm from the ground.,那只鸟从地里叼出一条蚯蚓。
track,The runners raced around the track.,选手们绕着跑道赛跑。
trick,The magician showed us a simple trick.,魔术师给我们表演了一个简单的把戏。
equal,All students should have equal chances.,所有学生都应该有平等的机会。
object,There was a strange object in the sky.,天空中有一个奇怪的物体。
mask,The doctor wore a mask at work.,医生工作时戴着口罩。
direct,Is there a direct bus to the museum?,有直达博物馆的公交车吗？
tourism,Tourism brings many visitors to the town.,旅游业为这个小镇带来了许多游客。
appreciate,I really appreciate your help.,我真的很感激你的帮助。
certainly,I will certainly keep your secret.,我一定会替你保守秘密。
noisy,The classroom became noisy after class.,下课后教室变得很吵闹。
note,She left a note on my desk.,她在我的书桌上留了一张便条。
patient,The patient is feeling much better today.,这位病人今天感觉好多了。
nearby,We had lunch at a nearby restaurant.,我们在附近的一家餐馆吃了午饭。
calm,Please stay calm during the storm.,暴风雨期间请保持镇静。
magazine,I read an interesting science magazine.,我读了一本有趣的科学杂志。
conclusion,We reached the same conclusion.,我们得出了相同的结论。
warning,The dark clouds were a warning of rain.,乌云是即将下雨的警示。
extremely,The water in the lake is extremely cold.,湖里的水非常冷。
prize,Linda won first prize in the contest.,琳达在比赛中获得了一等奖。
respect,We should respect people with different ideas.,我们应该尊重持有不同观点的人。
subject,Math is my favorite subject.,数学是我最喜欢的学科。
repair,Dad will repair my broken bike.,爸爸会修理我坏掉的自行车。
speaker,The speaker told us an inspiring story.,演讲者给我们讲了一个鼓舞人心的故事。
pet,My pet sleeps beside my bed.,我的宠物睡在我的床边。
police,The police helped the lost child.,警察帮助了那个迷路的孩子。
attract,Bright flowers attract many bees.,鲜艳的花朵吸引了许多蜜蜂。
disappear,The rainbow began to disappear.,彩虹开始消失了。
predict,Scientists can predict tomorrow's weather.,科学家可以预测明天的天气。
fiction,She enjoys reading science fiction.,她喜欢阅读科幻小说。
electrical,Do not touch electrical equipment with wet hands.,不要用湿手触碰电器设备。
supply,The truck will supply food to the village.,这辆卡车将为村庄供应食物。
amazing,The view from the mountain was amazing.,山顶的景色令人惊叹。
outer,The outer wall of the house is white.,房子的外墙是白色的。
promise,I promise to return the book tomorrow.,我答应明天归还这本书。
restaurant,We ate noodles at a small restaurant.,我们在一家小饭馆吃了面条。
click,Please click the green button.,请点击绿色按钮。
efficient,This new machine is fast and efficient.,这台新机器又快又高效。
ball,The boy kicked the ball across the field.,男孩把球踢过了球场。
fairness,The coach treated every player with fairness.,教练公平地对待每一位队员。
mention,He did not mention the accident.,他没有提到那场事故。
replace,We need to replace the broken window.,我们需要更换破损的窗户。
efficiency,The new plan improved our work efficiency.,新方案提高了我们的工作效率。
mark,Put a mark beside the correct answer.,在正确答案旁边做个记号。
unpleasant,There was an unpleasant smell in the room.,房间里有一股难闻的气味。
disagreement,Their disagreement ended after a short talk.,他们简短交谈后消除了分歧。
shame,It is a shame that you missed the show.,你错过了演出真遗憾。
silent,The hall became silent when she entered.,她进来时大厅变得鸦雀无声。
cook,My father can cook delicious meals.,我爸爸会做美味的饭菜。
please,I hope my answer will please the teacher.,我希望我的回答能让老师满意。
cycle,We often cycle to school together.,我们经常一起骑自行车上学。
struggle,Some students struggle with this math problem.,一些学生努力解决这道数学题。
expression,A smile was the only expression on his face.,微笑是他脸上唯一的表情。
tasty,These vegetable dumplings are very tasty.,这些蔬菜饺子很好吃。
preference,Everyone has a different food preference.,每个人都有不同的食物偏好。
storage,This box is useful for storage.,这个箱子很适合储物。
eager,The children were eager to see the pandas.,孩子们渴望看到大熊猫。
stage,She sang confidently on the stage.,她在舞台上自信地唱歌。
encouragement,Her words gave me great encouragement.,她的话给了我很大的鼓励。
ordinary,It looked like an ordinary school day.,这看起来是一个普通的上学日。
drawing,His drawing of the river won a prize.,他的河流画作获了奖。
convenience,Online shopping brings us great convenience.,网上购物给我们带来了很大的便利。
awake,I was still awake at midnight.,午夜时我仍然醒着。
aware,Are you aware of the danger?,你意识到危险了吗？
ride,Can you ride a horse?,你会骑马吗？
chips,We shared a bag of chips after school.,放学后我们分享了一袋薯片。
mess,Please clean up the mess in your room.,请收拾你房间里的脏乱。
sentence,Write a sentence about your family.,写一个关于你家人的句子。
hang,Please hang your coat by the door.,请把你的外套挂在门边。
introduction,The book has a short introduction.,这本书有一篇简短的介绍。
crew,The ship's crew worked through the storm.,全体船员在暴风雨中继续工作。
pretend,Do not pretend to be asleep.,不要假装睡着了。
react,How did your parents react to the news?,你的父母对这个消息有何反应？
review,I need to review these notes before the test.,考试前我需要复习这些笔记。
pretty,She wore a pretty yellow dress.,她穿着一条漂亮的黄色连衣裙。
virtual,We took a virtual tour of the museum.,我们进行了一次博物馆虚拟参观。
private,This is a private conversation.,这是一次私人谈话。
mentally,Regular exercise keeps us mentally healthy.,经常锻炼让我们保持心理健康。
except,Everyone came to the party except Tom.,除了汤姆以外，所有人都来参加聚会了。
repeat,Could you repeat the question?,你能把问题再说一遍吗？
memorize,We must memorize the poem by Friday.,我们必须在周五前背下这首诗。
tough,The final question was very tough.,最后一道题非常棘手。
meanwhile,Mum made dinner; meanwhile I set the table.,妈妈做晚饭，同时我摆好了餐具。
motor,The boat's motor suddenly stopped.,船的发动机突然停了。
sex,The form asks for your name and sex.,这张表要求填写你的姓名和性别。
straight,Walk straight until you reach the bank.,一直往前走，直到你到达银行。
circle,Draw a circle around the correct answer.,在正确答案周围画个圆圈。
aside,She stepped aside to let me pass.,她走到一旁让我通过。
adolescence,People experience many changes during adolescence.,人在青春期会经历许多变化。
artificial,The room was decorated with artificial flowers.,房间用人造花装饰。
false,The story turned out to be false.,这个故事原来是假的。
pepper,Please add some pepper to the soup.,请往汤里加一些胡椒粉。
rail,The city has a new rail system.,这座城市有一套新的铁路系统。
capital,Beijing is the capital of China.,北京是中国的首都。
soil,These plants grow well in rich soil.,这些植物在肥沃的土壤中长得很好。
recycle,We recycle paper and bottles at school.,我们在学校回收纸张和瓶子。
electronic,This electronic dictionary is easy to use.,这本电子词典很容易使用。
weakness,Being impatient is his greatest weakness.,没有耐心是他最大的弱点。
enable,These glasses enable her to see clearly.,这副眼镜使她能够看清楚。
quiet,Please keep quiet in the library.,请在图书馆里保持安静。
expectation,The result was beyond our expectation.,结果超出了我们的预料。
delicious,Grandma made a delicious apple pie.,奶奶做了一个美味的苹果派。
sudden,A sudden noise woke the baby.,一声突如其来的响声吵醒了宝宝。
condition,The bike is still in good condition.,这辆自行车的状况仍然很好。
serve,This restaurant can serve lunch quickly.,这家餐馆能很快供应午餐。
intake,You should limit your daily sugar intake.,你应该限制每天的糖摄取量。
dinner,Our family eats dinner together every evening.,我们一家每天晚上一起吃晚饭。
recipe,I followed the recipe to make the cake.,我按照食谱做了蛋糕。
equipment,Our school bought new sports equipment.,我们学校购买了新的体育器材。
partner,My partner helped me finish the project.,我的搭档帮助我完成了项目。
expand,The school plans to expand its library.,学校计划扩建图书馆。
independent,She became more independent at middle school.,她上中学后变得更加独立。
spoken,This course will improve your spoken English.,这门课程会提高你的英语口语。
unimportant,The small mistake is unimportant.,这个小错误并不重要。
direction,The wind changed direction this morning.,今天早上风向变了。
handle,She can handle the problem by herself.,她能够独自处理这个问题。
specific,Please give me a specific example.,请给我一个具体的例子。
web,A spider was building its web.,一只蜘蛛正在织网。
overweight,The doctor said the dog was overweight.,医生说这只狗超重了。
observe,We used a telescope to observe the moon.,我们用望远镜观察月球。
headache,The loud music gave me a headache.,嘈杂的音乐让我头疼。
account,I opened a bank account yesterday.,我昨天开了一个银行账户。
admit,He was afraid to admit his mistake.,他不敢承认自己的错误。
wise,It was wise to bring an umbrella.,带一把雨伞是明智的。
official,An official announced the new rule.,一名官员宣布了新规定。
chemist,The chemist tested the water in the lab.,化学家在实验室检测了水。
achievable,Your goal is difficult but achievable.,你的目标虽难却可以实现。
evolution,We studied human evolution in science class.,我们在科学课上学习了人类进化。
protection,This helmet provides protection for your head.,这顶头盔能保护你的头部。
hide,The cat likes to hide under the bed.,这只猫喜欢躲在床下。
wave,She gave us a wave from the bus.,她在公交车上向我们挥了挥手。
criticize,It is easy to criticize others.,批评别人很容易。
guidance,I finished the task with my teacher's guidance.,我在老师的指导下完成了任务。
cow,The cow eats grass in the field.,奶牛在田野里吃草。
cell,Every living thing is made of at least one cell.,每种生物都由至少一个细胞构成。
determine,The test will determine which group you join.,这次测试将决定你加入哪个小组。
current,The current weather is warm and sunny.,目前的天气温暖而晴朗。
rock,The child picked up a smooth rock.,孩子捡起了一块光滑的石头。
awful,The food had an awful smell.,这食物有一股难闻的气味。
violence,The film contains no violence.,这部电影不含暴力内容。
trend,This trend is popular among young people.,这种趋势在年轻人中很流行。
plenty,We have plenty of time to finish.,我们有充足的时间完成。
survival,Clean water is necessary for survival.,干净的水是生存所必需的。
puzzle,This puzzle is easier than it looks.,这个谜题比看起来容易。
available,The doctor is available this afternoon.,医生今天下午有空。
competitive,Our school has a competitive basketball team.,我们学校有一支很有竞争力的篮球队。
wake,Please wake me at seven tomorrow.,明天请在七点叫醒我。
nap,Grandpa takes a short nap after lunch.,爷爷午饭后会小睡一会儿。
traffic,Heavy traffic made us late for school.,拥挤的交通使我们上学迟到了。
adolescent,Every adolescent needs care and respect.,每个青少年都需要关爱和尊重。
thus,"It was raining, and thus the game was canceled.",当时在下雨，因此比赛被取消了。
taste,This soup has a rich taste.,这汤味道很浓郁。
intervention,The teacher's intervention stopped the argument.,老师的介入制止了争吵。
post,I will post the letter on my way home.,我会在回家路上把信寄出去。
mass,A mass of clouds covered the sky.,大片云朵遮住了天空。
reliable,Amy is reliable and always keeps her promises.,艾米很可靠，总是信守承诺。
technique,This simple technique can improve your drawing.,这个简单的技巧能提高你的绘画水平。
persuade,I tried to persuade Dad to ride a bike.,我试着说服爸爸骑自行车。
dry,Leave your wet shoes outside to dry.,把湿鞋放在外面晾干。
tongue,The hot soup burned my tongue.,热汤烫到了我的舌头。
staff,The hotel staff were friendly and helpful.,酒店全体员工都很友善且乐于助人。
toothbrush,I packed my toothbrush for the trip.,我为旅行收好了牙刷。
reviewer,The reviewer praised the book's exciting story.,评论者称赞了这本书精彩的故事。
transport,Trucks transport fresh food to the city.,卡车把新鲜食物运到城里。
coral,Colorful fish swam around the coral.,色彩鲜艳的鱼在珊瑚周围游动。
liquid,Water is a clear liquid.,水是一种透明液体。
president,The club president welcomed the new members.,俱乐部主席欢迎了新成员。
attraction,The old castle is the town's main attraction.,这座古堡是镇上的主要景点。
silence,The class waited in silence for the results.,全班安静地等待结果。
agreement,The two teams reached an agreement at last.,两队最终达成了协议。
divide,Let's divide the cake into eight pieces.,我们把蛋糕分成八块吧。
worthy,Her brave act is worthy of praise.,她的勇敢行为值得赞扬。
nor,"Jack cannot swim, nor can his brother.",杰克不会游泳，他弟弟也不会。
external,The camera has an external microphone.,这台相机配有外置麦克风。
demand,The workers demand a safer workplace.,工人们要求有一个更安全的工作场所。
tradition,Eating together is a family tradition.,一起吃饭是我们家的传统。
collection,Mia showed me her stamp collection.,米娅给我看了她的邮票收藏。
coin,I found an old coin under the sofa.,我在沙发下面发现了一枚旧硬币。
consideration,Please give my idea some consideration.,请考虑一下我的想法。
presentation,Leo gave a short presentation about space.,利奥做了一个关于太空的简短演示。
outgoing,My outgoing sister enjoys meeting new people.,我外向的姐姐喜欢结识新朋友。
keeper,The keeper feeds the pandas every morning.,饲养员每天早晨给熊猫喂食。
lifetime,She hopes to travel around the world in her lifetime.,她希望有生之年能环游世界。
afford,We cannot afford a new car right now.,我们目前买不起新车。
gentle,Be gentle when you hold the baby bird.,抱小鸟时动作要轻柔。
institute,The institute studies new ways to save energy.,这家研究所研究节约能源的新方法。
diary,Nina writes in her diary every night.,妮娜每天晚上都写日记。
inspire,Great teachers inspire students to keep trying.,优秀的老师激励学生不断尝试。
rise,We watched the sun rise over the sea.,我们看着太阳从海面升起。
consume,Old machines consume too much electricity.,旧机器消耗太多电力。
seldom,We seldom eat out on school nights.,上学期间的晚上我们很少外出吃饭。
dialogue,The play begins with a funny dialogue.,这出戏以一段有趣的对话开场。
member,Every member of the team has a job.,团队中的每个成员都有一项任务。
unfortunately,"Unfortunately, our picnic was canceled by the rain.",不幸的是，我们的野餐因下雨而取消了。
uncertain,I am uncertain about the answer to this question.,我不确定这道题的答案。
patience,Learning to play the piano takes patience.,学习弹钢琴需要耐心。
abroad,My cousin plans to study abroad next year.,我表哥计划明年去国外学习。
appetite,The long walk gave me a good appetite.,长时间步行让我胃口大开。
fix,Can you help me fix my broken bike?,你能帮我修理坏掉的自行车吗？
schedule,My schedule is full this afternoon.,我今天下午的日程排满了。
bathroom,Ben washed his hands in the bathroom.,本在盥洗室里洗了手。
remove,Please remove your shoes before entering.,进入前请脱鞋。
deadly,This snake's bite can be deadly.,这种蛇咬伤可能致命。
infection,Wash the cut to prevent infection.,清洗伤口以防感染。
charge,They charge ten yuan for each ticket.,他们每张票收费十元。
academy,She studies music at a famous academy.,她在一所著名的专科学院学习音乐。
monitor,The class monitor collected our homework.,班长收了我们的作业。
screen,The message appeared on the screen.,消息出现在屏幕上。
aspect,Safety is the most important aspect of the plan.,安全是这项计划最重要的方面。
strategy,Our strategy helped us win the game.,我们的策略帮助我们赢得了比赛。
statement,The witness gave a clear statement to the police.,目击者向警方作了清楚的陈述。
automatic,The automatic doors opened as we approached.,我们走近时，自动门打开了。
youth,He spent his youth in a small village.,他的青年时代是在一个小村庄度过的。
lock,Remember to lock the door when you leave.,离开时记得锁门。
athlete,The young athlete trains every morning.,这名年轻运动员每天早晨训练。
container,Put the rice in a clean container.,把米放进一个干净的容器里。
destroy,A large fire could destroy the forest.,一场大火可能会毁掉这片森林。
harmless,This small spider is harmless to people.,这种小蜘蛛对人无害。
beat,Our team hopes to beat the city champions.,我们队希望击败市冠军队。
escape,The rabbit found a way to escape.,兔子找到了逃跑的办法。
aggressive,The dog becomes aggressive around strangers.,这只狗在陌生人身边会变得很有攻击性。
political,They discussed the country's political future.,他们讨论了这个国家的政治前景。
universe,Scientists still have much to learn about the universe.,科学家对宇宙仍有许多需要了解。
advanced,The hospital uses advanced medical equipment.,这家医院使用先进的医疗设备。
basis,Trust is the basis of a strong friendship.,信任是牢固友谊的基础。
position,Please keep the chair in its original position.,请把椅子留在原来的位置。
per,The speed limit is sixty kilometers per hour.,限速是每小时六十公里。
skip,The children like to skip across the playground.,孩子们喜欢蹦蹦跳跳地穿过操场。
attractive,The colorful poster is very attractive.,这张色彩鲜艳的海报很吸引人。
resist,I could not resist the smell of fresh bread.,我无法抵挡新鲜面包的香味。
favourite,Blue is my favourite color.,蓝色是我最喜欢的颜色。
cover,Dark clouds cover the top of the mountain.,乌云遮住了山顶。
mouth,She covered her mouth when she coughed.,她咳嗽时捂住了嘴。
marketing,Good marketing helped the shop attract customers.,良好的营销帮助这家商店吸引了顾客。
outdoors,We ate lunch outdoors in the sunshine.,我们在阳光下的户外吃了午饭。
wind,The strong wind shook the windows.,强风吹得窗户直晃。
footprint,We saw a large footprint in the mud.,我们在泥地里看到了一个大脚印。
gas,Turn off the gas after cooking.,做完饭后关掉煤气。
bean,I planted a bean in a small pot.,我在一个小花盆里种了一颗豆子。
attack,The soldiers prepared for an attack at dawn.,士兵们为黎明时的袭击做好了准备。
constant,The constant noise made it hard to study.,持续不断的噪音让人难以学习。
unwilling,Tom was unwilling to admit his mistake.,汤姆不愿承认自己的错误。
revision,I need an hour of revision before the test.,考试前我需要复习一个小时。
behaviour,His polite behaviour impressed the guests.,他礼貌的举止给客人留下了深刻印象。
wander,Do not wander away from the group.,不要离开队伍到处乱走。
cave,The bears slept inside a dark cave.,熊在一个黑暗的洞穴里睡觉。
inspiration,Nature is a great source of inspiration for her paintings.,大自然是她绘画灵感的重要来源。
notebook,I wrote the address in my notebook.,我把地址写在了笔记本里。
feature,The school show will feature local young singers.,学校演出将以当地年轻歌手为主角。
judge,Do not judge people by their clothes.,不要根据衣着判断别人。
dioxide,Trees take in carbon dioxide from the air.,树木从空气中吸收二氧化碳。
beach,We collected shells on the beach.,我们在海滩上捡贝壳。
spare,I read comics in my spare time.,我在空闲时间看漫画。
grain,This bag of grain is very heavy.,这袋谷物很重。
band,The school band played at the festival.,学校乐队在节日庆典上演奏了。
pace,We walked at a steady pace.,我们以稳定的步伐行走。
adaptation,The film is an adaptation of a famous novel.,这部电影改编自一部著名小说。
opening,Light came through a small opening in the wall.,光从墙上的一个小口照了进来。
vegetable,A carrot is my favourite vegetable.,胡萝卜是我最喜欢的蔬菜。
expose,The report may expose the truth about the accident.,这份报告可能会揭露事故的真相。
scan,Please scan the page for the answer.,请浏览这一页寻找答案。
widespread,The storm caused widespread damage.,暴风雨造成了大范围的破坏。
ignore,You should not ignore a warning sign.,你不应该忽视警告标志。
conclude,The teacher will conclude the lesson with a quiz.,老师将以一次小测验结束这堂课。
revolution,The invention caused a revolution in communication.,这项发明引发了通信领域的变革。
download,You can download the map before your trip.,你可以在出发前下载地图。
mature,She is mature enough to make her own choice.,她已经足够成熟，可以自己作决定。
invite,Let's invite our neighbors to dinner.,我们邀请邻居来吃晚饭吧。
analyze,We need to analyze the results carefully.,我们需要仔细分析结果。
mirror,He checked his hair in the mirror.,他对着镜子检查了头发。
overlook,Do not overlook small mistakes in your work.,不要忽略作业中的小错误。
moral,The moral of the story is to be honest.,这个故事的寓意是要诚实。
refuse,I refuse to tell a lie for you.,我拒绝为你撒谎。
aim,Our main aim is to protect the river.,我们的主要目标是保护这条河。
cream,She added some cream to her coffee.,她在咖啡里加了一些奶油。
indeed,The test was indeed harder than expected.,这次考试确实比预想的难。
standard,All the rooms meet the same safety standard.,所有房间都符合相同的安全标准。
demanding,Climbing the mountain was a demanding task.,爬这座山是一项要求很高的任务。
magic,The magic ring could make him invisible.,这枚魔戒能让他隐身。
shy,The shy boy spoke in a low voice.,那个害羞的男孩低声说话。
heel,A sharp stone hurt my heel.,一块尖石头弄伤了我的脚后跟。
publication,The book is ready for publication.,这本书已准备好出版。
character,This Chinese character means water.,这个汉字的意思是水。
due,The train is due at six o'clock.,火车预计六点到达。
coach,Our coach showed us how to pass the ball.,我们的教练教我们如何传球。
essential,Clean air is essential for good health.,清洁的空气对健康至关重要。
daylight,We returned home before the daylight faded.,我们在日光消失前回到了家。
survive,These plants can survive a cold winter.,这些植物能熬过寒冷的冬天。
bear,I cannot bear this loud noise any longer.,我再也无法忍受这种噪音了。
personally,"Personally, I prefer walking to taking the bus.",就我个人而言，我更喜欢走路而不是乘公交车。
mixture,The cake uses a mixture of flour and eggs.,这个蛋糕用的是面粉和鸡蛋的混合物。
province,My grandparents live in a northern province.,我的祖父母住在北方的一个省。
fantastic,We had a fantastic time at the beach.,我们在海滩度过了一段美妙的时光。
zero,The temperature fell below zero last night.,昨晚气温降到了零度以下。
phrase,Please use this phrase in a sentence.,请用这个短语造句。
tank,The rainwater tank is full.,雨水储水箱满了。
shut,Please shut the door quietly.,请轻轻地关上门。
attempt,I will attempt to finish the puzzle tonight.,我今晚会尝试完成这个拼图。
unfair,It is unfair to blame Tom alone.,只责怪汤姆一个人是不公平的。
secondhand,Dad bought me a secondhand bicycle.,爸爸给我买了一辆二手自行车。
addicted,He became addicted to online games.,他沉迷于网络游戏。
relation,There is a close relation between sleep and health.,睡眠与健康之间有密切关系。
electric,This electric fan is very quiet.,这台电风扇很安静。
concentrate,I cannot concentrate with the television on.,电视开着时我无法集中注意力。
battery,The clock needs a new battery.,这个钟需要一节新电池。
argument,The brothers had an argument over the toy.,兄弟俩为了那个玩具争吵了一番。
laptop,She uses her laptop to do homework.,她用笔记本电脑做作业。
tablet,Take one tablet after dinner.,晚饭后服一片药。
pull,Pull the handle to open the drawer.,拉一下把手打开抽屉。
chest,He held the book against his chest.,他把书抱在胸前。
suitable,This movie is suitable for young children.,这部电影适合年幼的孩子。
motion,The gentle motion of the boat made me sleepy.,小船轻轻的摇动让我昏昏欲睡。
sour,The lemon tastes very sour.,这个柠檬尝起来很酸。
outcome,We are waiting for the outcome of the match.,我们正在等待比赛结果。
biology,We studied plants in biology class.,我们在生物课上学习了植物。
refer,Please refer to the map if you get lost.,如果迷路了，请查阅地图。
national,The national flag flew above the school.,国旗在学校上空飘扬。
assess,The teacher will assess our projects tomorrow.,老师明天会评价我们的项目。
satisfy,This simple meal will satisfy your hunger.,这顿简单的饭能让你吃饱。
volume,Please turn down the volume of the radio.,请把收音机的音量调低。
translate,Can you translate this letter into Chinese?,你能把这封信翻译成中文吗？
accessible,The museum is accessible by bus.,乘公交车可以到达这家博物馆。
fried,We ate fried rice for lunch.,我们午饭吃了炒饭。
captain,Our captain encouraged the whole team.,我们的队长鼓励了全队。
disappointment,Missing the final was a great disappointment.,错过决赛是一件非常令人失望的事。
gifted,Lily is a gifted young musician.,莉莉是一位有天赋的年轻音乐家。
sacrifice,Parents often sacrifice their free time for their children.,父母常常为了孩子牺牲自己的空闲时间。
phenomenon,A rainbow is a beautiful natural phenomenon.,彩虹是一种美丽的自然现象。
compete,Four teams will compete in the final.,四支队伍将在决赛中比赛。
breath,Take a deep breath before you speak.,说话前先深吸一口气。
victim,The victim called the police for help.,受害者打电话向警方求助。
severe,The storm caused severe damage to the village.,暴风雨给村庄造成了严重破坏。
eventually,"After two hours, we eventually found the path.",两小时后，我们终于找到了那条路。
wildlife,The forest is home to much wildlife.,这片森林是许多野生动物的家园。
customer,The customer asked for a glass of water.,那位顾客要了一杯水。
deadline,Friday is the deadline for our science project.,星期五是我们科学项目的截止日期。
worthwhile,Helping at the animal shelter was worthwhile.,在动物收容所帮忙是值得的。
block,A fallen tree began to block the road.,一棵倒下的树开始阻塞道路。
bowl,She poured the soup into a bowl.,她把汤倒进一个碗里。
extraordinary,The little bird showed extraordinary courage.,这只小鸟表现出了非凡的勇气。
sweat,Sweat ran down his face after the race.,赛跑后，汗水顺着他的脸流下来。
nursing,Her sister is studying nursing at college.,她姐姐正在大学学习护理。
concept,The teacher explained the concept with a picture.,老师用一幅图解释了这个概念。
entertainment,Reading is my favorite form of entertainment.,阅读是我最喜欢的娱乐方式。
awesome,The view from the mountain was awesome.,山上的景色棒极了。
pan,Heat some oil in the pan.,在平底锅里加热一些油。
gender,The team welcomes students of any gender.,这个团队欢迎任何性别的学生。
reflect,The calm lake can reflect the mountains.,平静的湖面能映出群山。
tennis,We play tennis after school on Fridays.,我们每周五放学后打网球。
accident,No one was hurt in the accident.,没有人在这起事故中受伤。
appreciation,She smiled in appreciation of my help.,她微笑着对我的帮助表示感谢。
ashamed,He felt ashamed of telling a lie.,他为撒谎感到惭愧。
gardening,My grandfather enjoys gardening on weekends.,我爷爷周末喜欢做园艺。
tour,We took a tour of the old castle.,我们参观了那座古老的城堡。
lightning,A flash of lightning lit up the sky.,一道闪电照亮了天空。
anyway,"It was raining, but we went out anyway.",当时在下雨，但我们还是出去了。
agricultural,This area is famous for its agricultural products.,这个地区以农产品闻名。
adopt,The family decided to adopt the homeless dog.,这家人决定收养那只流浪狗。
dress,She wore a blue dress to the party.,她穿着一条蓝色连衣裙参加聚会。
silly,I made a silly mistake in the test.,我在考试中犯了一个愚蠢的错误。
potato,He cut the potato into small pieces.,他把土豆切成了小块。
awkward,There was an awkward silence after his question.,他提问后出现了一阵尴尬的沉默。
package,A package arrived for you this morning.,今天早上有一个包裹寄给你。
tip,Here is a useful tip for saving water.,这里有一个节约用水的实用建议。
couple,An elderly couple lives next door.,一对老夫妇住在隔壁。
affordable,The shop sells good clothes at affordable prices.,这家商店以实惠的价格出售优质服装。
changeable,The weather here is changeable in spring.,这里春天的天气变化无常。
operator,The operator connected me to the hospital.,接线员帮我接通了医院。
bill,We paid the bill before leaving the restaurant.,离开餐馆前，我们付了账。
flight,Our flight leaves at nine tomorrow morning.,我们的航班明天早上九点起飞。
breathe,Open the window so we can breathe fresh air.,打开窗户，让我们能呼吸新鲜空气。
advance,The soldiers began to advance across the field.,士兵们开始穿过田野前进。
recognition,Her painting won recognition at school.,她的画在学校获得了认可。
recover,He needs a few days to recover from the fever.,他需要几天时间从发烧中恢复。
context,You can guess its meaning from the context.,你可以根据上下文猜出它的意思。
chess,My brother taught me how to play chess.,我哥哥教我下国际象棋。
random,The teacher chose a student at random.,老师随机选了一名学生。
range,The store sells a wide range of school bags.,这家商店出售各种各样的书包。
rid,We must get rid of these broken chairs.,我们必须处理掉这些坏椅子。
sort,Please sort the books by size.,请按大小给这些书分类。
fairly,The teacher treated every student fairly.,老师公平地对待每一位学生。
approach,We watched the train approach the station.,我们看着火车驶近车站。
plus,Three plus five equals eight.,三加五等于八。
assistant,The shop assistant helped me find my size.,店员帮我找到了合适的尺码。
station,I will meet you outside the train station.,我会在火车站外面和你见面。
facial,Her facial expression showed surprise.,她的面部表情显得很惊讶。
kingdom,The wise king brought peace to the kingdom.,英明的国王给王国带来了和平。
mix,Mix the milk with the eggs.,把牛奶和鸡蛋混合起来。
central,The library is in the central part of town.,图书馆位于城镇的中心区域。
apologize,You should apologize for being late.,你应该为迟到道歉。
count,Can you count from one to twenty?,你能从一数到二十吗？
female,The female bird is smaller than the male.,雌鸟比雄鸟小。
informal,Jeans are fine for this informal meeting.,穿牛仔裤参加这次非正式会议没问题。
via,We sent the photo via email.,我们通过电子邮件发送了照片。
request,The teacher accepted my request for more time.,老师接受了我延长时间的请求。
interview,She has a job interview on Monday.,她星期一有一场求职面试。
fan,My brother is a big basketball fan.,我哥哥是个狂热的篮球迷。
aggression,The country defended itself against aggression.,这个国家奋起抵抗侵略。
analysis,Our analysis showed that the water was clean.,我们的分析表明水是干净的。
senior,A senior student showed us around the school.,一名高年级学生带我们参观了学校。
hall,Parents waited in the school hall.,家长们在学校礼堂里等候。
advertise,The company will advertise its new product online.,这家公司将在网上为其新产品做广告。
routine,Brushing my teeth is part of my morning routine.,刷牙是我早晨日常活动的一部分。
sight,The snow-covered mountain was a beautiful sight.,白雪覆盖的山峰是一道美丽的风景。
creature,We saw a strange sea creature near the rocks.,我们在岩石附近看到了一种奇怪的海洋生物。
cartoon,The children watched a funny cartoon after dinner.,孩子们晚饭后看了一部有趣的动画片。
rapid,The town has seen rapid growth in recent years.,这座城镇近年来发展迅速。
confuse,Do not confuse salt with sugar.,不要把盐和糖弄混。
commitment,Joining the team requires time and commitment.,加入这支队伍需要投入时间并尽心尽力。
cure,Doctors hope to find a cure for the disease.,医生们希望找到治疗这种疾病的方法。
compromise,We chose a movie together as a compromise.,作为折中，我们一起选了一部电影。
debate,Our class held a debate about school uniforms.,我们班就校服问题进行了一场辩论。
upper,The books are on the upper shelf.,这些书在上层架子上。
duration,The duration of the film is two hours.,这部电影的时长是两小时。
attend,All students must attend the school meeting.,所有学生都必须参加学校会议。
fox,A red fox ran across the field.,一只红狐狸跑过田野。
initial,My initial plan was too difficult.,我最初的计划太难了。
pattern,The carpet has a colorful flower pattern.,地毯上有一个彩色的花朵图案。
grateful,I am grateful for your kind help.,我很感激你的热心帮助。
separately,Please pack the glass cups separately.,请把玻璃杯分开包装。
penny,The old toy cost only one penny.,这个旧玩具只花了一便士。
director,The film director spoke to the young actors.,电影导演和年轻演员们交谈。
sunlight,Warm sunlight came through the window.,温暖的阳光透过窗户照进来。
rubbish,Please put the rubbish in the bin.,请把垃圾放进垃圾桶。
willingness,Her willingness to help impressed everyone.,她乐于助人的意愿给大家留下了深刻印象。
architecture,She hopes to study architecture at university.,她希望在大学学习建筑学。
astronaut,The astronaut looked down at Earth from space.,宇航员从太空俯瞰地球。
typical,This is a typical winter day here.,这是这里典型的冬日。
appropriate,Sports shoes are appropriate for the hike.,运动鞋适合这次徒步旅行。
snack,I ate an apple as an afternoon snack.,我下午加餐吃了一个苹果。
audience,The audience clapped at the end of the show.,演出结束时，观众鼓起了掌。
tendency,He has a tendency to speak too quickly.,他往往说话太快。
wolf,We heard a wolf howling in the distance.,我们听到远处有一只狼在嚎叫。
guarantee,This ticket does not guarantee you a seat.,这张票不能保证你有座位。
mail,I will mail the card to my cousin tomorrow.,我明天会把卡片邮寄给表弟。
switch,Please switch off the light before you leave.,离开前请关灯。
shortly,The bus will arrive shortly.,公交车很快就会到。
army,My uncle served in the army for ten years.,我叔叔在军队服役了十年。
fly,I watched a fly land on the window.,我看见一只苍蝇落在窗户上。
master,You can master this skill with daily practice.,每天练习，你就能掌握这项技能。
address,Please write your home address on the form.,请在表格上写下你的家庭住址。
publicly,The school publicly thanked the young volunteer.,学校公开感谢了那名年轻志愿者。
ink,The black ink has not dried yet.,黑色墨水还没有干。
arithmetic,We practise arithmetic every morning.,我们每天早上练习算术。
pile,There is a pile of books on the desk.,桌上有一堆书。
shower,I took a quick shower after basketball practice.,篮球训练后，我快速洗了个淋浴。
cheese,She put some cheese in her sandwich.,她在三明治里放了一些奶酪。
conservation,Water conservation is important in dry areas.,节约用水在干旱地区很重要。
lay,Please lay the map on the table.,请把地图放在桌上。
chain,He locked his bike with a strong chain.,他用一条结实的链条锁住了自行车。
description,Her description helped us find the lost dog.,她的描述帮助我们找到了走失的狗。
firm,My aunt works for a small travel firm.,我姑姑在一家小型旅游公司工作。
goods,This train carries goods across the country.,这列火车把货物运往全国各地。
activate,Press this button to activate the alarm.,按下这个按钮来激活警报器。
assume,Do not assume that everyone agrees with you.,不要假定每个人都同意你。
virtue,Patience is an important virtue.,耐心是一种重要的美德。
exchange,Our school has an exchange with a school in Japan.,我们学校与日本的一所学校有交流活动。
burden,Sharing the work will reduce her burden.,分担工作会减轻她的负担。
musician,The young musician played the violin beautifully.,这位年轻的音乐家把小提琴拉得很动听。
corner,The bakery is on the corner of this street.,面包店在这条街的拐角处。
identical,The two bags look identical.,这两个包看起来完全相同。
stranger,Never get into a car with a stranger.,千万不要上陌生人的车。
sample,The nurse took a blood sample.,护士采集了一份血液样本。
consistent,Her results are consistent because she practises daily.,她的成绩一直很稳定，因为她每天都练习。
root,The tree has a deep root.,这棵树有一条很深的根。
decade,The town has changed greatly in the past decade.,这座小镇在过去十年里变化很大。
untrue,The story about him is completely untrue.,关于他的传闻完全不真实。
soap,Wash your hands with soap before eating.,吃饭前要用肥皂洗手。
internal,The doctor checked him for internal injuries.,医生检查他是否有内伤。
satellite,The satellite sends weather pictures to Earth.,这颗卫星向地球传送天气图片。
aid,Food and medical aid reached the village yesterday.,食品和医疗援助昨天送到了村庄。
camera,I used my camera to photograph the sunset.,我用相机拍下了日落。
addictive,Some phone games can be addictive.,有些手机游戏会让人上瘾。
delay,Heavy snow caused a two-hour delay.,大雪造成了两小时的延误。
lawyer,The lawyer listened carefully to her story.,律师认真听了她的讲述。
enthusiastic,Our teacher is enthusiastic about science.,我们的老师对科学很有热情。
teamwork,Good teamwork helped us win the match.,良好的团队合作帮助我们赢得了比赛。
bridge,We walked across the old stone bridge.,我们走过了那座古老的石桥。
unavoidable,Some mistakes are unavoidable when you begin.,刚开始时，有些错误是无法避免的。
ending,The movie has a surprising ending.,这部电影有一个出人意料的结局。
frame,She put the family photo in a wooden frame.,她把全家福放进了木相框。
metal,This box is made of metal.,这个盒子是金属制成的。
drum,Tom plays the drum in the school band.,汤姆在学校乐队里打鼓。
spirit,The players showed great team spirit.,队员们展现了很强的团队精神。
fridge,There is some milk in the fridge.,冰箱里有一些牛奶。
warmth,We enjoyed the warmth of the fire.,我们享受着炉火的温暖。
mistaken,I was mistaken about the meeting time.,我弄错了开会时间。
manner,She spoke in a calm and polite manner.,她以冷静而礼貌的方式说话。
regret,I regret not listening to your advice.,我后悔没有听你的建议。
primary,Reading is a primary skill for every student.,阅读是每个学生的一项基本技能。
comedy,We watched a funny comedy last night.,我们昨晚看了一部有趣的喜剧。
punishment,His punishment was to clean the classroom.,对他的惩罚是打扫教室。
stare,It is rude to stare at other people.,盯着别人看是不礼貌的。
textbook,Please open your English textbook to page twenty.,请把英语课本翻到第二十页。
cheat,You should never cheat in an exam.,你绝不应该在考试中作弊。
timetable,I checked the timetable for the next bus.,我查看了下一班公交车的时刻表。
neighbour,Our neighbour gave us some fresh tomatoes.,我们的邻居送给我们一些新鲜番茄。
exhibit,The museum will exhibit these ancient coins.,博物馆将展出这些古币。
toll,The storm raised the death toll to ten.,这场暴风雨使死亡人数上升到十人。
counter,Please pay for the bread at the counter.,请在柜台为面包付款。
log,The captain wrote the event in his log.,船长把这件事写进了航海日志。
wheel,One wheel of my bike is broken.,我自行车的一个轮子坏了。
engine,The car engine suddenly stopped.,汽车发动机突然停止了运转。
preparation,Good preparation made the test less stressful.,充分的准备让考试没那么令人紧张。
ease,A warm drink may ease your sore throat.,热饮或许能缓解你的喉咙痛。
participate,Everyone can participate in the school sports day.,每个人都可以参加学校运动会。
award,She received an award for her painting.,她凭借自己的画作获得了一个奖项。
pessimist,A pessimist often expects the worst.,悲观主义者常常做最坏的预想。
pessimistic,Do not be pessimistic about the future.,不要对未来感到悲观。
partly,The road was partly covered with snow.,道路有一部分被雪覆盖了。
publish,The school will publish our stories next month.,学校下个月将出版我们的故事。
relate,These questions relate to the story we just read.,这些问题与我们刚读的故事有关。
unique,Each snowflake has a unique shape.,每片雪花都有独一无二的形状。
stuff,Put your stuff in the cupboard.,把你的东西放进柜子里。
contrary,His actions were contrary to his promise.,他的行为与他的承诺相反。
thorough,The police carried out a thorough search.,警方进行了彻底的搜查。
pause,She took a short pause before answering.,她在回答前短暂停顿了一下。
guard,A guard stood outside the gate all night.,一名警卫整夜站在大门外。
endless,The desert seemed endless to the tired travellers.,对疲惫的旅行者来说，这片沙漠似乎无边无际。
companion,My dog was my only companion on the trip.,我的狗是我旅途中唯一的伙伴。
truck,A large truck delivered food to the store.,一辆大卡车把食品送到了商店。
manager,The hotel manager solved our problem quickly.,酒店经理很快解决了我们的问题。
teapot,Grandma poured tea from a blue teapot.,奶奶从一个蓝色茶壶里倒出茶来。
jam,I spread strawberry jam on my toast.,我在烤面包上涂了草莓酱。
relevant,Please include only relevant information in your report.,请在报告中只包含相关信息。
gather,We gather in the playground every Monday morning.,我们每周一早晨在操场集合。
principle,Honesty is a principle I always follow.,诚实是我一直遵守的原则。
depth,We measured the depth of the river.,我们测量了河水的深度。
athletic,The athletic boy can run very fast.,那个健壮的男孩跑得很快。
quiz,We have a short maths quiz today.,我们今天有一个简短的数学测验。
supervise,An adult must supervise the children by the pool.,必须有一名成年人看管泳池边的孩子们。
voyage,The sailors began their long voyage across the sea.,水手们开始了漫长的跨海航行。
graduate,My sister will graduate from high school this summer.,我姐姐今年夏天将高中毕业。
parrot,The green parrot can copy my voice.,那只绿色的鹦鹉会模仿我的声音。
bottom,Your keys are at the bottom of the bag.,你的钥匙在包的底部。
roof,Rain fell loudly on the metal roof.,雨点响亮地落在金属屋顶上。
foreign,She enjoys learning about foreign cultures.,她喜欢了解外国文化。
nevertheless,"The task was difficult; nevertheless, we finished it.",任务很难，然而我们完成了。
maintain,Regular exercise helps maintain good health.,经常锻炼有助于保持健康。
former,The former teacher visited our school yesterday.,那位以前的老师昨天参观了我们学校。
unit,Our class is starting a new unit on space.,我们班正在学习一个关于太空的新单元。
tear,A tear rolled down her cheek.,一滴眼泪顺着她的脸颊流下。
suppose,I suppose the bus will arrive soon.,我猜公交车很快就会到。
strict,Our coach is strict but fair.,我们的教练很严格，但很公正。
crime,Stealing from a shop is a crime.,从商店偷东西是一种犯罪行为。
editor,The editor checked the article for mistakes.,编辑检查了文章中的错误。
department,My mother works in the sales department.,我妈妈在销售部门工作。
crowded,The bus was crowded during the morning rush.,早高峰时公交车很拥挤。
household,Every household in the village has clean water.,村里的每户人家都有干净的水。
ministry,The education ministry announced a new plan.,教育部公布了一项新计划。
uncertainty,The bad weather caused uncertainty about our trip.,恶劣天气使我们的旅行能否成行变得不确定。
mountain,They climbed the mountain before sunrise.,他们在日出前登上了那座山。
pot,Mum cooked soup in a large pot.,妈妈用一口大锅煮汤。
spiritual,Music can bring spiritual comfort.,音乐能带来心灵上的慰藉。
regardless,He goes running every morning regardless of the weather.,不管天气如何，他每天早晨都去跑步。
disadvantage,One disadvantage of this house is its small kitchen.,这所房子的一个缺点是厨房很小。
judgement,The referee made a fair judgement.,裁判作出了公正的判决。
regulate,These rules regulate traffic near the school.,这些规则用于管理学校附近的交通。
upward,The balloon moved upward into the sky.,气球向上飘入天空。
colleague,My father's colleague gave him a ride home.,我爸爸的同事开车送他回家。
radiation,Too much radiation can harm our health.,过量辐射会损害我们的健康。
restore,Workers hope to restore the old bridge.,工人们希望修复这座古桥。
trial,The new medicine is still under trial.,这种新药仍在试验中。
redirect,The police will redirect traffic around the accident.,警方将使车辆绕开事故现场。
grape,She picked a grape from the bunch.,她从那串葡萄上摘下一颗葡萄。
marathon,My uncle trained for months before the marathon.,我叔叔为这场马拉松训练了好几个月。
attain,You must work hard to attain your goals.,你必须努力才能实现目标。
relief,"To my relief, the missing cat came home.",令我松了一口气的是，走失的猫回家了。
cheer,The crowd began to cheer for our team.,人群开始为我们的队伍欢呼。
systematic,We need a systematic plan for the project.,我们需要一份有条理的项目计划。
compensate,The company offered to compensate us for the damage.,公司提出赔偿我们的损失。
wheat,The farmer grows wheat in this field.,农民在这块田里种小麦。
crop,Heavy rain damaged the rice crop.,大雨损坏了水稻作物。
specialist,The doctor sent me to a heart specialist.,医生让我去看心脏专科医生。
sink,Please put the dirty cups in the sink.,请把脏杯子放进洗涤槽。
fork,I used a fork to eat the noodles.,我用叉子吃面条。
bitter,The medicine has a bitter taste.,这种药味道很苦。
honey,I added a spoonful of honey to my tea.,我在茶里加了一勺蜂蜜。
powder,Mix the powder with warm water.,把粉末和温水混合。
butter,She spread butter on the warm bread.,她在热面包上涂了黄油。
regard,Many people regard him as a hero.,许多人把他看作英雄。
justice,Everyone should be treated with justice.,每个人都应该受到公正对待。
instant,Her face changed in an instant.,她的脸色瞬间变了。
rely,You can rely on me when you need help.,你需要帮助时可以依靠我。
thoroughly,Please wash the fruit thoroughly before eating it.,吃水果前请把它彻底洗干净。
dig,The children used small shovels to dig a hole.,孩子们用小铲子挖了一个洞。
flexible,Our schedule is flexible this week.,我们这周的日程安排很灵活。
leftover,I heated the leftover rice for lunch.,我把剩下的米饭热了当午餐。
ship,The ship crossed the sea safely.,那艘船安全地驶过了大海。
fry,Please fry the eggs for breakfast.,早餐请煎几个鸡蛋。
bakery,This bakery sells fresh bread every morning.,这家面包店每天早晨出售新鲜面包。
studio,The artist works in a small studio.,这位艺术家在一间小工作室里工作。
fog,Heavy fog covered the road this morning.,今天早晨浓雾笼罩着道路。
representative,Our class representative spoke at the meeting.,我们的班级代表在会上发了言。
virus,The virus can spread through the air.,这种病毒可以通过空气传播。
driver,The bus driver waited for us.,公交车司机等了我们。
educator,The famous educator opened a school for poor children.,这位著名教育家为贫困儿童创办了一所学校。
content,The book has useful content for young readers.,这本书有对年轻读者有用的内容。
acquisition,Language acquisition takes time and practice.,语言习得需要时间和练习。
temporary,We built a temporary bridge over the river.,我们在河上搭了一座临时桥。
quarter,A quarter of the cake is left.,蛋糕还剩四分之一。
otherwise,Put on your coat; otherwise you may get cold.,穿上外套，否则你可能会着凉。
globe,She found China on the globe.,她在地球仪上找到了中国。
pest,This small insect is a common garden pest.,这种小昆虫是花园里常见的害虫。
demonstrate,The teacher will demonstrate the experiment first.,老师会先演示这个实验。
membership,My library membership ends next month.,我的图书馆会员资格下个月到期。
fee,There is no fee for entering the museum.,进入这家博物馆不收费用。
trainer,The trainer showed us how to exercise safely.,教练向我们展示了如何安全锻炼。
tease,Do not tease your brother about his glasses.,不要拿你弟弟的眼镜取笑他。
brilliant,Mia had a brilliant idea for the science project.,米娅为科学项目想出了一个绝妙的主意。
tourist,A tourist asked me the way to the museum.,一名游客向我询问去博物馆的路。
initiative,Lily showed initiative by cleaning the classroom first.,莉莉主动先打扫了教室。
status,You can check the status of your order online.,你可以在网上查看订单状态。
instruction,Read each instruction before answering the questions.,答题前请阅读每条说明。
habitat,The forest is the natural habitat of many birds.,森林是许多鸟类的自然栖息地。
illegal,It is illegal to hunt these animals.,捕猎这些动物是违法的。
operation,The doctor said the operation went well.,医生说手术进行得很顺利。
discourage,One bad result should not discourage you.,一次不好的结果不该使你气馁。
voluntary,She does voluntary work at the library.,她在图书馆做志愿工作。
graduation,My family came to my graduation.,我的家人来参加了我的毕业典礼。
requirement,A school uniform is a basic requirement here.,穿校服是这里的一项基本要求。
advertisement,I saw an advertisement for a new bicycle.,我看到了一则新自行车的广告。
undo,Can you help me undo this knot?,你能帮我解开这个结吗？
competence,She showed her competence by solving the problem quickly.,她迅速解决问题，展现了自己的能力。
press,Please press this button to open the door.,请按这个按钮开门。
consumption,Turning off lights can reduce energy consumption.,关灯可以减少能源消耗。
landscape,The mountain landscape looked beautiful at sunset.,日落时的山间景色很美。
furniture,We bought some new furniture for the bedroom.,我们为卧室买了一些新家具。
disability,His disability does not stop him from playing sports.,他的残疾并没有阻止他参加体育运动。
menu,The waiter gave us the menu.,服务员把菜单递给了我们。
flag,The red flag flew above the school.,红旗在学校上空飘扬。
discount,Students can get a ten percent discount.,学生可以享受九折优惠。
finger,I cut my finger while cooking.,我做饭时割伤了手指。
cruel,It is cruel to leave a pet without food.,不给宠物食物是很残忍的。
guilty,Tom felt guilty after breaking the window.,汤姆打破窗户后感到很内疚。
angle,Try taking the photo from a different angle.,试着从不同的角度拍这张照片。
cleaner,The cleaner washed the classroom floor.,清洁工清洗了教室地板。
broom,She used a broom to clean the floor.,她用扫帚清扫地板。
sweep,Please sweep the leaves off the path.,请把小路上的落叶扫掉。
vast,A vast desert lay before us.,一片广阔的沙漠展现在我们面前。
sunrise,We got up early to watch the sunrise.,我们早起去看日出。
outstanding,Anna did an outstanding job on the project.,安娜在这个项目中表现得非常出色。
suit,This blue shirt will suit you well.,这件蓝色衬衫会很适合你。
chew,Chew your food slowly before you swallow it.,食物要慢慢咀嚼后再咽下。
surrounding,We walked through the surrounding countryside.,我们步行穿过了周围的乡村。
fantasy,The story is a fantasy about a flying horse.,这个故事是关于一匹飞马的幻想故事。
steel,The bridge is made of steel.,这座桥是用钢铁建成的。
exact,Tell me the exact time of the meeting.,告诉我会议的确切时间。
dish,This chicken dish is easy to make.,这道鸡肉菜很容易做。
infectious,The patient has an infectious disease.,这名病人患有传染病。
database,The school keeps student records in a database.,学校把学生档案保存在数据库中。
flow,Water will flow down the hill.,水会顺着山坡流下。
percentage,A high percentage of students passed the test.,很大比例的学生通过了考试。
unconscious,The injured man was unconscious for several minutes.,这名伤者昏迷了几分钟。
precious,Clean water is a precious resource.,清洁的水是一种宝贵的资源。
palace,The king lived in a grand palace.,国王住在一座宏伟的宫殿里。
property,Please keep your personal property safe.,请保管好你的个人财物。
dot,Put a red dot beside the correct answer.,在正确答案旁边画一个红点。
stable,Make sure the ladder is stable before climbing.,爬梯子前要确保它稳固。
extinction,This rare animal is in danger of extinction.,这种珍稀动物面临灭绝的危险。
dinosaur,The museum has a huge dinosaur model.,博物馆里有一个巨大的恐龙模型。
balcony,She grows flowers on the balcony.,她在阳台上种花。
poet,The poet wrote about his hometown.,这位诗人写了自己的家乡。
lively,The children had a lively discussion.,孩子们进行了一场热烈的讨论。
purple,She wore a purple dress to the party.,她穿着一条紫色连衣裙参加聚会。
version,I prefer the shorter version of the story.,我更喜欢这个故事的较短版本。
diverse,The city is home to diverse cultures.,这座城市拥有多种多样的文化。
skilled,A skilled worker repaired the old clock.,一位熟练的工人修好了这只旧钟。
elder,We should listen to the advice of an elder.,我们应该听取长者的建议。
shift,The wind may shift to the east tonight.,今晚风向可能转到东边。
ultimately,Hard work will ultimately bring success.,努力最终会带来成功。
substitute,We used honey as a substitute for sugar.,我们用蜂蜜代替糖。
abundant,Fresh fruit is abundant here in summer.,这里夏天有大量的新鲜水果。
guitar,My sister plays the guitar after school.,我姐姐放学后弹吉他。
detect,This machine can detect smoke quickly.,这台机器能迅速探测到烟雾。
porridge,I had a bowl of porridge for breakfast.,我早餐喝了一碗粥。
appeal,This colorful game may appeal to young children.,这款色彩鲜艳的游戏可能会吸引小孩子。
storm,The storm knocked down several trees.,暴风雨刮倒了好几棵树。
parking,Parking is not allowed in front of the school.,学校门前不允许停车。
ward,The nurse took me to the hospital ward.,护士带我去了医院病房。
glue,Use glue to stick the paper together.,用胶水把这些纸粘在一起。
output,The factory increased its output this year.,这家工厂今年提高了产量。
admire,I admire my mother for her courage.,我钦佩母亲的勇气。
battle,Many soldiers died in the battle.,许多士兵在这场战斗中牺牲了。
flood,The flood damaged many houses near the river.,洪水损坏了河边的许多房屋。
receptionist,The receptionist greeted us with a smile.,接待员微笑着迎接我们。
sigh,Dad gave a tired sigh and sat down.,爸爸疲惫地叹了口气，然后坐下了。
cage,The bird escaped from its cage.,那只鸟从笼子里逃了出来。
squirrel,A squirrel was hiding nuts under the tree.,一只松鼠正在树下藏坚果。
herb,This herb is often used in medicine.,这种草药常被用于制药。
objective,Our main objective is to keep everyone safe.,我们的主要目标是保障每个人的安全。
civilization,The river supported an ancient civilization.,这条河孕育了一个古老文明。
willingly,He willingly shared his lunch with me.,他很乐意地和我分享了午餐。
witness,A witness saw the car accident.,一名目击者看到了这起车祸。
jeans,These jeans are too long for me.,这条牛仔裤对我来说太长了。
rough,The rough road made our journey slow.,崎岖的道路让我们的行程变慢了。
lately,I have been very busy lately.,我最近一直很忙。
supermarket,We bought milk at the supermarket.,我们在超市买了牛奶。
bake,We plan to bake a cake this afternoon.,我们打算今天下午烤一个蛋糕。
amusement,The funny show gave us great amusement.,这场有趣的表演给我们带来了很多欢乐。
housework,Everyone in our family shares the housework.,我们家每个人都分担家务。
freedom,The bird flew away to freedom.,那只鸟飞走，获得了自由。
underline,Please underline the key sentence in the passage.,请在文章的关键句下面画线。
dial,Dial this number if you need help.,如果你需要帮助，就拨这个号码。
prejudice,We should not judge people with prejudice.,我们不应该带着偏见评价他人。
label,Read the label before washing the shirt.,洗这件衬衫前先看标签。
midnight,The train arrived just before midnight.,火车在午夜前刚刚到达。
superior,This camera is superior to my old one.,这台相机比我的旧相机更好。
visible,The moon was clearly visible tonight.,今晚月亮清晰可见。
continent,Africa is the second-largest continent.,非洲是第二大洲。
nutritious,Eggs are a simple and nutritious food.,鸡蛋是一种简单又有营养的食物。
pale,She looked pale after being ill.,她生病后脸色显得苍白。
insist,I insist that you wear a helmet.,我坚持要你戴头盔。
mouse,I saw a mouse run under the table.,我看见一只老鼠跑到了桌子下面。
prison,The thief was sent to prison.,那个小偷被送进了监狱。
trade,Trade between the two countries is growing.,两国之间的贸易正在增长。
steam,Steam rose from the hot soup.,热汤里冒出了水蒸气。
worthless,The broken toy seemed worthless to everyone else.,那个坏掉的玩具在其他人看来毫无价值。
scare,Loud noises can scare the baby.,巨大的声响会吓到婴儿。
scene,My favorite scene is at the end of the movie.,我最喜欢的场景在电影结尾。
belly,The puppy rolled over and showed its belly.,小狗翻过身，露出了肚子。
exit,Follow the signs to the nearest exit.,跟着标志走到最近的出口。
frequent,Frequent practice will improve your English.,经常练习会提高你的英语水平。
somehow,Somehow we found our way home in the dark.,不知怎么地，我们在黑暗中找到了回家的路。
represent,These five students represent our school.,这五名学生代表我们学校。
ankle,I hurt my ankle while running.,我跑步时扭伤了脚踝。
alike,The two sisters look very alike.,这对姐妹长得很像。
cousin,My cousin lives in Shanghai.,我的表姐住在上海。
complicated,The rules look complicated at first.,这些规则起初看起来很复杂。
messy,Your desk is too messy to work on.,你的书桌太乱了，没法在上面学习。
supervision,Children may swim only under adult supervision.,儿童只能在成人监督下游泳。
unsafe,It is unsafe to cross the road here.,在这里过马路不安全。
wipe,Please wipe your shoes before coming inside.,进屋前请把鞋擦干净。
medium,I would like a medium bowl of noodles.,我想要一碗中份面条。
bath,The baby takes a bath every evening.,宝宝每天晚上洗澡。
procedure,Please follow the safety procedure carefully.,请认真遵守安全程序。
reveal,The test results reveal the cause of the problem.,检测结果揭示了问题的原因。
troublesome,This troublesome cough kept me awake all night.,这恼人的咳嗽让我整夜无法入睡。
oppose,Many parents oppose the plan to close the library.,许多家长反对关闭图书馆的计划。
stimulate,Outdoor games stimulate children's interest in nature.,户外游戏能激发孩子们对大自然的兴趣。
latter,Of tea and coffee I prefer the latter.,茶和咖啡两者中我更喜欢后者。
jet,The jet flew high above the clouds.,喷气式飞机在云层上方高高飞行。
assistance,Please ask a teacher for assistance if you need it.,如果需要帮助，请向老师求助。
simplify,This diagram can simplify a difficult idea.,这张图可以简化一个难懂的概念。
curriculum,Music is an important part of our school curriculum.,音乐是我们学校全部课程的重要组成部分。
shelter,We found shelter from the rain under a bridge.,我们在桥下找到了避雨处。
consequence,Missing the bus was a consequence of leaving late.,没赶上公交车是出门晚的后果。
unsuccessful,Our first attempt to fix the bike was unsuccessful.,我们第一次修自行车的尝试失败了。
application,She sent her application to the summer camp.,她向夏令营递交了申请。
ballet,My sister practices ballet every Saturday.,我妹妹每周六练习芭蕾舞。
contemporary,The museum shows contemporary art by young artists.,这家博物馆展出年轻艺术家的当代艺术作品。
likewise,Tom enjoys reading and his sister does likewise.,汤姆喜欢阅读，他妹妹也一样。
imitate,Young children often imitate their parents.,小孩子经常模仿父母。
pronounce,Can you pronounce my name correctly?,你能正确读出我的名字吗？
bury,The dog tried to bury a bone in the garden.,那只狗试图把一根骨头埋在花园里。
poison,Keep this poison away from children.,让这种毒药远离儿童。
pollute,Plastic waste can pollute rivers and oceans.,塑料垃圾会污染河流和海洋。
pour,Please pour some milk into my glass.,请往我的杯子里倒些牛奶。
bond,Playing together helped form a strong bond between them.,一起玩耍帮助他们建立了牢固的联系。
coast,We watched the sun rise over the coast.,我们在海岸边观看日出。
goat,The goat is eating grass on the hill.,那只山羊正在山坡上吃草。
territory,The two countries share this territory.,这两个国家共享这片领土。
loose,This button is loose and may fall off.,这颗纽扣松了，可能会掉下来。
dynamic,Our new coach is dynamic and full of ideas.,我们的新教练充满活力而且很有想法。
stadium,Thousands of fans filled the stadium.,数千名球迷坐满了体育场。
nod,Please nod if you understand the question.,如果你明白这个问题，请点头。
headmaster,The headmaster welcomed us on the first day.,校长在第一天欢迎了我们。
unfit,These old shoes are unfit for a long hike.,这双旧鞋不适合长途徒步。
railway,A new railway connects the two cities.,一条新铁路连接着这两座城市。
frighten,Do not frighten the little dog.,不要吓唬那只小狗。
uniform,Every student must wear a school uniform.,每个学生都必须穿校服。
cigarette,He put out his cigarette before entering.,他进门前熄灭了香烟。
soldier,The young soldier stood guard at the gate.,这名年轻士兵在大门口站岗。
roll,The ball began to roll down the hill.,球开始滚下山坡。
transform,Fresh paint can transform this old room.,新油漆能使这个旧房间焕然一新。
conflict,The two friends solved their conflict peacefully.,这两个朋友和平解决了争执。
substance,The scientist tested the unknown substance.,科学家检测了这种未知物质。
wire,Do not touch that broken wire.,不要触碰那根断掉的电线。
yard,The children are playing in the yard.,孩子们正在院子里玩耍。
firmly,Hold the ladder firmly with both hands.,用双手牢牢扶住梯子。
academic,She received an award for her academic work.,她因学术研究获得了一个奖项。
misunderstand,Do not misunderstand my reason for leaving.,不要误会我离开的原因。
kindergarten,My little brother starts kindergarten next week.,我弟弟下周开始上幼儿园。
spelling,Check the spelling of each word before handing in your work.,交作业前检查每个单词的拼写。
minimum,The minimum age for this activity is twelve.,参加这项活动的最低年龄是十二岁。
mile,The nearest village is a mile away.,最近的村庄在一英里外。
slim,The slim cat slipped through the narrow opening.,那只纤细的猫从狭窄的洞口钻了过去。
politics,My grandfather often reads books about politics.,我爷爷经常阅读有关政治的书。
politician,The politician answered questions from local people.,这位政治家回答了当地居民的问题。
encounter,You may encounter wild animals in the forest.,你在森林里可能会遇到野生动物。
neck,She wore a warm scarf around her neck.,她在脖子上围了一条暖和的围巾。
spaceship,The spaceship carried three astronauts into space.,这艘宇宙飞船把三名宇航员送入太空。
breakthrough,The new medicine is a major breakthrough.,这种新药是一项重大突破。
enlarge,Click the picture to enlarge it.,点击图片将它放大。
chemistry,We did a simple experiment in chemistry class.,我们在化学课上做了一个简单的实验。
security,The guard checks every bag for security.,保安为了安全检查每个包。
intend,I intend to finish the book tonight.,我打算今晚读完这本书。
burst,The balloon may burst if you add more air.,如果你再充气，气球可能会爆裂。
tune,She played a cheerful tune on the piano.,她用钢琴弹奏了一首欢快的曲子。
puzzled,He looked puzzled by the strange question.,他对这个奇怪的问题感到困惑。
urge,Doctors urge people to exercise regularly.,医生敦促人们经常锻炼。
regulation,This safety regulation protects all workers.,这项安全规章保护所有工人。
weigh,Please weigh the apples before I pay.,请在我付款前称一下这些苹果。
opener,I used an opener to open the bottle.,我用开瓶器打开了瓶子。
undertake,Our class will undertake a project about local history.,我们班将承担一个关于当地历史的项目。
sculpture,A stone sculpture stands in the town square.,一座石雕矗立在城镇广场上。
border,They crossed the border by train.,他们乘火车越过了边境。
vivid,She gave a vivid description of the storm.,她对那场暴风雨作了生动的描述。
combine,We can combine these two ideas into one plan.,我们可以把这两个想法合成一个计划。
incorrect,One answer on this page is incorrect.,这一页有一个答案是错误的。
permission,You need permission to use this computer.,你需要获得许可才能使用这台电脑。
plain,He wore a plain white shirt.,他穿着一件普通的白衬衫。
dilemma,She faced a dilemma about which team to join.,她面临着该加入哪支队伍的两难处境。
frog,A green frog jumped into the pond.,一只绿青蛙跳进了池塘。
explorer,The explorer drew a map of the island.,这位探险者画了一张岛屿地图。
bar,She bought a bar of chocolate after school.,放学后她买了一块巧克力。
treasure,The pirates searched the island for treasure.,海盗们在岛上寻找财宝。
breast,The bird has bright red feathers on its breast.,这只鸟的胸部有鲜红色的羽毛。
authority,The principal has the authority to change the rule.,校长有权修改这项规定。
fluency,Daily practice improved her fluency in English.,每天练习提高了她英语的流利程度。
garage,Dad parked the car in the garage.,爸爸把车停在了车库里。
spell,Can you spell your family name for me?,你能为我拼一下你的姓吗？
microwave,Please heat the soup in the microwave.,请用微波炉把汤热一下。
diamond,The ring has a small diamond in the center.,这枚戒指中央有一颗小钻石。
helmet,Always wear a helmet when riding a bike.,骑自行车时一定要戴头盔。
core,Trust is at the core of their friendship.,信任是他们友谊的核心。
framework,Workers built the wooden framework of the house.,工人们搭建了房屋的木制框架。
assessment,The teacher gave an honest assessment of my work.,老师对我的作业作出了诚实的评价。
kettle,The water is boiling in the kettle.,水壶里的水正在沸腾。
maple,The leaves of this maple turn red in autumn.,这棵枫树的叶子在秋天变红。
shoot,Never shoot at birds with this toy gun.,绝不要用这把玩具枪射击鸟儿。
seek,You should seek help when you feel lost.,感到迷茫时你应该寻求帮助。
bookmark,I put a bookmark between the pages.,我在书页间放了一枚书签。
mankind,This discovery may benefit all mankind.,这项发现可能造福全人类。
blame,Do not blame others for your mistake.,不要因为自己的错误责怪别人。
choke,Small toys can cause a baby to choke.,小玩具可能会使婴儿窒息。
classic,This old film is a classic example of comedy.,这部老电影是喜剧的经典范例。
homeland,The travelers were happy to return to their homeland.,旅行者们很高兴回到祖国。
base,The climbers returned safely to their base.,登山者安全返回了基地。
contribute,Everyone can contribute to a cleaner neighborhood.,每个人都能为更清洁的社区作出贡献。
harmony,The neighbors live together in harmony.,邻居们和睦相处。
significance,Few people understood the significance of the discovery.,很少有人理解这项发现的重要性。
champion,The young champion lifted the gold cup.,这位年轻的冠军举起了金杯。
dive,We watched him dive into the swimming pool.,我们看着他跳进游泳池。
disturb,Please do not disturb your sister while she studies.,你妹妹学习时请不要打扰她。
reset,Press this button to reset the clock.,按这个按钮重置时钟。
worn,He replaced his worn shoes with a new pair.,他用一双新鞋换掉了穿旧的鞋。
organ,The heart is an important organ in the body.,心脏是人体的重要器官。
memorial,We visited a memorial for the fallen soldiers.,我们参观了一座纪念阵亡士兵的纪念馆。
pleased,My parents were pleased with my progress.,父母对我的进步感到高兴。
suspect,The police questioned the suspect for an hour.,警察盘问了嫌疑人一个小时。
physician,The physician examined the sick child carefully.,医生仔细检查了生病的孩子。
committee,The committee will meet on Monday.,委员会将在星期一开会。
skeptical,I was skeptical of his surprising story.,我对他那令人惊讶的故事持怀疑态度。
desert,Very few plants can live in this dry desert.,很少有植物能在这片干旱的沙漠中生存。
corn,The farmer grows corn in this field.,农民在这块田里种玉米。
avenue,They planted trees along the wide avenue.,他们沿着宽阔的大道种了树。
downtown,We took the bus downtown to visit the museum.,我们乘公交车去市中心参观博物馆。
reputation,This restaurant has a good reputation for fresh food.,这家餐馆以食物新鲜而享有好名声。
reply,I have not received a reply to my email.,我还没有收到对我邮件的回复。
mountainous,Travel is difficult in this mountainous region.,在这个多山地区旅行很困难。
export,The country plans to export more fruit next year.,这个国家计划明年出口更多水果。
turkey,We cooked a large turkey for dinner.,我们晚餐烤了一只大火鸡。
ambitious,She is ambitious and hopes to become a scientist.,她志向远大，希望成为一名科学家。
belt,He wore a brown leather belt.,他系着一条棕色皮带。
technical,We need technical help to repair the machine.,我们需要技术帮助来修理这台机器。
vacation,Our family went to the beach on vacation.,我们全家去海边度假了。
contribution,Her contribution made the school fair a success.,她的贡献使校园集市取得了成功。
viewer,Every viewer can vote for a favorite singer.,每位观众都可以为最喜欢的歌手投票。
bathe,We bathe in the lake on hot summer days.,炎热的夏日里我们在湖中游泳。
suitcase,She packed her clothes into a small suitcase.,她把衣服装进了一个小行李箱。
butterfly,A colorful butterfly landed on the flower.,一只彩色的蝴蝶落在花上。
board,Passengers may now board the train.,乘客们现在可以上火车了。
injury,He could not play because of a knee injury.,他因膝盖受伤而无法比赛。
bay,Small boats sailed across the quiet bay.,小船驶过宁静的海湾。
definitely,I will definitely come to your party.,我一定会来参加你的聚会。
outing,Our class went on an outing to the zoo.,我们班去动物园郊游了。
festival,The town holds a spring festival every year.,这个小镇每年举办春季庆典。
stability,Strong roots give the tree stability.,强壮的根使树保持稳定。
celebrate,We will celebrate her birthday this weekend.,这个周末我们将庆祝她的生日。
workplace,Everyone should feel safe in the workplace.,每个人都应该在工作场所感到安全。
underground,The city built an underground railway.,这座城市修建了一条地下铁路。
deed,Helping the lost child was a kind deed.,帮助走失的孩子是一种善举。
enhance,Good lighting can enhance the beauty of a room.,良好的照明可以提升房间的美感。
sustainable,Biking is a sustainable way to travel.,骑自行车是一种可持续的出行方式。
urban,Many urban families live in apartments.,许多城市家庭住在公寓里。
fuel,This bus uses clean fuel.,这辆公交车使用清洁燃料。
salary,Her salary is enough for a simple life.,她的薪水足以维持简单的生活。
skillful,The skillful cook made a beautiful cake.,那位技艺娴熟的厨师做了一个漂亮的蛋糕。
surround,Tall trees surround our school.,高大的树木环绕着我们的学校。
square,We met in the town square.,我们在城镇广场见面。
loan,My uncle took out a loan to buy a car.,我叔叔贷款买了一辆车。
link,This bridge will link the two villages.,这座桥将连接两个村庄。
eastern,The sun rose over the eastern hills.,太阳从东边的山丘上升起。
decline,Fish numbers began to decline last year.,鱼的数量去年开始下降。
assignment,I finished my science assignment before dinner.,我在晚饭前完成了科学作业。
squeeze,Give the lemon a gentle squeeze.,轻轻挤一下柠檬。
preserve,We must preserve this old forest.,我们必须保护这片古老的森林。
classical,My sister enjoys classical music.,我姐姐喜欢古典音乐。
impression,The friendly teacher made a good impression on me.,那位友善的老师给我留下了好印象。
hardship,The family stayed hopeful during the hardship.,这家人在困境中仍然满怀希望。
barrier,Poor eyesight can be a barrier to reading.,视力不佳可能成为阅读的障碍。
freezing,It is freezing outside tonight.,今晚外面冷极了。
tidy,Please keep your desk tidy.,请保持书桌整洁。
budget,We planned the trip on a small budget.,我们用不多的预算规划了这次旅行。
beside,Mia sat beside me on the bus.,米娅在公交车上坐在我旁边。
dirt,Wash the dirt off your hands.,把手上的污垢洗掉。
grand,A grand palace stood by the river.,河边矗立着一座宏伟的宫殿。
goodness,Her goodness made everyone trust her.,她的善良让大家都信任她。
reserve,We should reserve a table for six.,我们应该预订一张六人桌。
conscience,His conscience told him to return the wallet.,他的良心告诉他应该归还钱包。
ugly,The wall was covered with ugly marks.,墙上布满了难看的痕迹。
geography,We studied rivers in geography today.,我们今天在地理课上学习了河流。
republic,The country became a republic in 1950.,这个国家于1950年成为共和国。
pond,Several ducks are swimming in the pond.,几只鸭子正在池塘里游泳。
seaweed,Sea turtles sometimes eat seaweed.,海龟有时吃海草。
agent,The travel agent booked our hotel.,旅行代理人帮我们预订了酒店。
measurable,Regular practice brings measurable progress.,定期练习会带来可衡量的进步。
symbol,The dove is a symbol of peace.,鸽子是和平的象征。
shave,Dad needs to shave before work.,爸爸上班前需要刮胡子。
whistle,The referee blew his whistle.,裁判吹响了哨子。
alert,The guard stayed alert all night.,警卫整夜保持警觉。
occur,Accidents often occur on icy roads.,结冰的道路上经常发生事故。
transfer,You can transfer the photos to this computer.,你可以把照片传到这台电脑上。
atmosphere,The cafe has a warm atmosphere.,这家咖啡馆有温馨的氛围。
racial,Our school speaks out against racial unfairness.,我们学校公开反对种族不公。
discrimination,Everyone should stand against discrimination.,每个人都应该反对歧视。
drunk,The drunk driver was stopped by the police.,那名醉酒司机被警察拦下了。
booth,We bought tickets at the booth.,我们在售票亭买了票。
disturbing,The news report showed some disturbing images.,新闻报道展示了一些令人不安的画面。
distinguish,I cannot distinguish the twins from a distance.,我从远处无法分辨这对双胞胎。
tent,We slept in a tent near the lake.,我们睡在湖边的帐篷里。
edge,Do not stand near the edge of the cliff.,不要站在悬崖边缘附近。
grammar,Good grammar makes your writing clearer.,正确的语法让你的写作更清晰。
bee,A bee landed on the yellow flower.,一只蜜蜂落在了黄花上。
evaluate,The coach will evaluate our teamwork.,教练将评估我们的团队合作。
photographer,The photographer took pictures of the birds.,摄影师拍摄了那些鸟。
straw,The farmer covered the ground with straw.,农民用稻草覆盖地面。
loaf,She bought a loaf of fresh bread.,她买了一条新鲜面包。
stove,The soup is warming on the stove.,汤正在炉子上加热。
flour,Mix the flour with two eggs.,把面粉和两个鸡蛋混合。
spoonful,Add a spoonful of sugar to the tea.,在茶里加一匙糖。
permanent,The paint left a permanent mark.,油漆留下了永久的痕迹。
restriction,There is a height restriction on this ride.,这个游乐项目有身高限制。
pursuit,She moved abroad in pursuit of her dream.,她为了追求梦想去了国外。
apartment,They live in a small apartment downtown.,他们住在市中心的一套小公寓里。
construct,Workers will construct a new bridge here.,工人们将在这里建造一座新桥。
trap,The mouse escaped from the trap.,老鼠逃出了陷阱。
dictionary,Look up the new term in a dictionary.,在词典里查一下这个新术语。
selfish,It was selfish of him to keep all the food.,他把所有食物都留给自己，太自私了。
sunset,We watched the sunset from the beach.,我们在海滩上看了日落。
armchair,Grandpa reads in his armchair every evening.,爷爷每天晚上坐在扶手椅上看书。
mathematics,Mathematics is my favorite subject.,数学是我最喜欢的科目。
launch,The company will launch a new app next month.,这家公司下个月将发布一款新应用。
shuttle,A free shuttle runs between the hotel and airport.,酒店和机场之间有免费班车往返。
cater,This kitchen can cater for fifty guests.,这个厨房能为五十位客人提供餐饮。
silver,She wore a simple silver ring.,她戴着一枚简单的银戒指。
prevention,Handwashing is important for disease prevention.,洗手对预防疾病很重要。
distant,We saw a light on a distant hill.,我们看到远处山丘上有一盏灯。
bounce,The ball will bounce on the hard floor.,球会在坚硬的地板上弹起。
delete,Please delete the old photo.,请删除那张旧照片。
oxygen,Humans need oxygen to stay alive.,人类需要氧气才能生存。
float,Dry leaves float on the water.,干树叶漂浮在水面上。
drawer,The keys are in the top drawer.,钥匙在最上面的抽屉里。
overcome,"With practice, you can overcome your fear.",通过练习，你可以克服恐惧。
postcard,I sent Grandma a postcard from Beijing.,我从北京给奶奶寄了一张明信片。
soccer,We play soccer after school on Fridays.,我们每周五放学后踢足球。
comment,Her kind comment made me smile.,她友善的评论让我笑了。
statistics,The statistics show that fewer people smoke now.,统计数据显示，现在吸烟的人少了。
branch,A bird rested on a low branch.,一只鸟停在一根低矮的树枝上。
abstract,This abstract painting uses bright colors.,这幅抽象画使用了鲜艳的色彩。
march,The peaceful march ended at noon.,这场和平游行在中午结束。
physicist,The young physicist studies light and energy.,这位年轻的物理学家研究光和能量。
philosophy,Her philosophy is to treat everyone kindly.,她的人生理念是善待每个人。
characteristic,A long neck is a characteristic feature of giraffes.,长脖子是长颈鹿的典型特征。
cheerful,Leo stayed cheerful even on rainy days.,即使在雨天，利奥也保持快乐。
adventure,Our camping trip became a real adventure.,我们的露营之旅成了一次真正的冒险。
contain,This box can contain twenty books.,这个箱子能装下二十本书。
disaster,The flood was a disaster for the village.,洪水给这个村庄带来了一场灾难。
smooth,The stone feels cool and smooth.,这块石头摸起来又凉又光滑。
origin,Nobody knows the exact origin of the story.,没有人知道这个故事的确切起源。
bite,"Be careful, or the dog may bite.",小心，否则这只狗可能会咬人。
soup,Mom made tomato soup for lunch.,妈妈午餐做了番茄汤。
mouthful,He took a mouthful of water.,他喝了一口水。
perceive,Children often perceive small changes quickly.,孩子们往往能很快察觉细微的变化。
tap,Turn off the tap while brushing your teeth.,刷牙时关掉水龙头。
file,Save your homework in this file.,把你的作业保存在这个文件中。
strike,The clock will strike twelve at midnight.,时钟将在午夜敲响十二点。
button,Press the green button to start the machine.,按绿色按钮启动机器。
industrialization,Industrialization brought many people to cities.,工业化使许多人来到城市。
accumulate,Dust can accumulate under the bed.,灰尘会积聚在床底下。
purchase,You can purchase tickets online.,你可以在网上购票。
plate,Put the sandwiches on a large plate.,把三明治放在一个大盘子里。
soul,Music can bring peace to the soul.,音乐能给心灵带来平静。
steady,Keep a steady pace during the race.,比赛时保持稳定的速度。
translation,I compared my translation with the original text.,我把自己的译文和原文作了比较。
evident,Her joy was evident from her smile.,从她的笑容可以明显看出她的喜悦。
workforce,Women make up half of the local workforce.,女性占当地劳动力的一半。
dimension,Measure each dimension of the box carefully.,仔细测量箱子的每个尺寸。
irrigate,Farmers use river water to irrigate the fields.,农民用河水灌溉田地。
solar,Our school uses solar energy for hot water.,我们学校使用太阳能供应热水。
headline,The surprising headline caught my attention.,这个令人惊讶的大标题吸引了我的注意。
marker,Use a red marker to circle the answer.,用红色记号笔圈出答案。
inevitably,"Without water, the plants will inevitably die.",没有水，这些植物将不可避免地死去。
athletics,She won two medals in athletics.,她在田径比赛中赢得了两枚奖牌。
hardworking,Nina is a hardworking student.,妮娜是一名勤奋的学生。
majority,The majority of students chose the blue shirt.,大多数学生选择了蓝色衬衫。
convince,These facts may convince him to change his mind.,这些事实可能会使他信服并改变主意。
ruin,Heavy rain could ruin our picnic.,大雨可能会毁掉我们的野餐。
stream,A clear stream flows behind the house.,一条清澈的小溪从房子后面流过。
bacon,He cooked eggs and bacon for breakfast.,他早餐煎了鸡蛋和培根。
stomachache,I got a stomachache after eating too much.,我吃得太多后胃疼了。
unbelievable,The view from the mountain was unbelievable.,山上的景色美得令人难以置信。
tower,The old tower stands beside the river.,那座古塔矗立在河边。
variation,There is little variation in temperature today.,今天的气温变化很小。
broadcast,The station will broadcast the game live.,电视台将直播这场比赛。
portable,This portable speaker fits in my bag.,这个便携式音箱能放进我的包里。
absent,Tom was absent from school because he was ill.,汤姆因病缺席了学校课程。
personalize,You can personalize the bag with your name.,你可以把名字印在包上，让它更具个性。
yummy,These noodles smell yummy.,这些面条闻起来很好吃。
cookie,May I have one more cookie?,我可以再吃一块小甜饼吗？
energetic,The energetic puppy ran around the garden.,那只精力旺盛的小狗在花园里跑来跑去。
profit,The shop made a small profit this month.,这家商店本月赚了一点利润。
somewhat,I felt somewhat nervous before the test.,考试前我感到有点紧张。
shake,I ordered a strawberry shake.,我点了一杯草莓奶昔。
zoom,We watched the train zoom past us.,我们看着火车从身边飞驰而过。
neat,Your room looks neat and clean.,你的房间看起来整洁又干净。
brief,The teacher gave a brief introduction.,老师作了简短的介绍。
deaf,The deaf student communicates through sign language.,那名失聪学生用手语交流。
statesman,The respected statesman worked for peace.,这位受人尊敬的政治家致力于和平。
independence,The country celebrated its independence.,这个国家庆祝了它的独立。
fancy,She wore a fancy dress to the party.,她穿着一条华丽的连衣裙参加聚会。
